,precipitation,potential_evapotranspiration,river_discharge,precipitation_vmm_catchment
2009-01-01,0.0,0.27,0.704,0.0
2009-01-02,0.0,0.5,0.697,0.03
2009-01-03,0.0,0.06,0.701,0.01
2009-01-04,0.0,0.5,0.71,0.02
2009-01-05,3.1138887549317342,0.43,0.72,1.67
2009-01-06,0.0,0.03,0.689,0.02
2009-01-07,0.13405551919575642,0.17,0.657,0.22
2009-01-08,0.0,0.05,0.646,0.02
2009-01-09,0.0,0.0,0.651,0.0
2009-01-10,0.0,0.0,0.617,0.01
2009-01-11,0.0,0.2,0.527,0.0
2009-01-12,1.4425553297420661,0.84,0.643,0.82
2009-01-13,8.4452770792869,0.24,1.91,8.26
2009-01-14,0.10583330462822875,0.27,1.3,0.0
2009-01-15,0.0,0.28,1.02,0.0
2009-01-16,0.0,0.42,0.868,0.32
2009-01-17,2.1314442569044276,0.2,1.09,2.68
2009-01-18,6.997221973444649,0.15,2.78,6.35
2009-01-19,8.410777544309594,0.47,3.62,6.43
2009-01-20,0.46349998277693727,0.34,2.69,0.5
2009-01-21,0.0,0.2,1.49,0.0
2009-01-22,2.352110969499262,0.27,1.67,3.57
2009-01-23,24.059777992109225,0.17,16.2,19.2
2009-01-24,0.0,0.05,7.6,0.0
2009-01-25,0.0,0.7,2.63,0.15
2009-01-26,0.021166660925645748,0.36,1.73,0.38
2009-01-27,0.0,0.11,1.33,0.07
2009-01-28,0.0,0.09,1.14,0.0
2009-01-29,0.0,0.23,1.12,0.02
2009-01-30,0.0,0.73,1.03,0.02
2009-01-31,0.0,0.94,0.939,0.01
2009-02-01,0.0,1.55,0.879,0.32
2009-02-02,3.436610848937822,0.88,0.921,2.18
2009-02-03,0.021166660925645748,0.32,0.956,0.19
2009-02-04,0.0,0.26,0.864,0.11
2009-02-05,2.508888927162362,0.77,0.957,2.86
2009-02-06,1.053333218512915,0.63,0.982,0.98
2009-02-07,4.167944618588745,0.29,1.4,2.38
2009-02-08,0.0,0.49,1.09,0.11
2009-02-09,14.096722369575092,0.24,2.1,5.89
2009-02-10,7.009722404021218,0.39,10.7,6.84
2009-02-11,3.53849981054631,0.26,4.07,1.8
2009-02-12,0.47272209400608844,0.35,3.03,1.01
2009-02-13,0.0,0.06,1.95,0.04
2009-02-14,0.0,0.66,1.46,0.27
2009-02-15,1.4599444119119926,0.7,1.3,1.18
2009-02-16,2.577777854324723,0.39,1.38,1.84
2009-02-17,3.2913890132776755,0.1,2.54,1.57
2009-02-18,0.0,0.38,1.83,0.09
2009-02-19,0.20127783710166058,0.71,1.41,1.46
2009-02-20,0.17416669537177126,0.87,1.32,0.49
2009-02-21,0.0,0.71,1.2,0.02
2009-02-22,0.5958333046282287,0.47,1.13,0.26
2009-02-23,1.7079442741274906,0.28,1.12,0.57
2009-02-24,0.021166660925645748,0.56,1.09,0.01
2009-02-25,0.0,0.44,1.03,0.03
2009-02-26,0.0,0.84,1.02,0.01
2009-02-27,1.7274443257966787,0.64,1.03,0.82
2009-02-28,0.0,0.59,1.03,0.04
2009-03-01,0.0,0.89,1.0,0.37
2009-03-02,0.0,1.02,0.891,0.04
2009-03-03,0.0,1.4,0.829,0.02
2009-03-04,2.6682778026555347,0.84,0.978,1.81
2009-03-05,0.0,1.25,0.966,0.02
2009-03-06,0.0,1.86,0.82,0.01
2009-03-07,0.0,0.6,0.794,0.24
2009-03-08,2.9273890821699267,2.52,0.895,2.58
2009-03-09,8.12311052169963,2.05,1.64,3.84
2009-03-10,8.361610676707194,0.76,2.48,5.48
2009-03-11,0.0,1.28,1.56,0.05
2009-03-12,0.3104443602428043,0.82,1.29,0.17
2009-03-13,0.0,1.0,1.05,0.03
2009-03-14,0.45761109006070105,0.58,1.03,0.34
2009-03-15,0.0,1.91,0.993,0.0
2009-03-16,0.0,1.52,0.909,0.0
2009-03-17,0.0,1.7,0.846,0.0
2009-03-18,0.0,2.77,0.796,0.0
2009-03-19,0.0,2.54,0.791,0.0
2009-03-20,0.0,2.64,0.748,0.06
2009-03-21,0.0,1.92,0.725,0.01
2009-03-22,0.0,2.39,0.729,0.02
2009-03-23,6.590833821320111,1.53,1.02,5.93
2009-03-24,1.3326112622913286,1.39,1.19,1.54
2009-03-25,14.109555639757197,0.95,3.87,3.76
2009-03-26,6.427222317905905,0.39,3.24,3.93
2009-03-27,0.5052777682094096,2.27,3.01,0.82
2009-03-28,8.602944790819373,1.29,3.19,3.66
2009-03-29,0.9581666264795203,2.28,2.34,0.88
2009-03-30,0.0,2.11,1.51,0.05
2009-03-31,0.0,2.89,1.32,0.01
2009-04-01,0.0,4.01,1.21,0.05
2009-04-02,0.0,3.29,0.972,0.05
2009-04-03,0.0,1.93,0.951,0.12
2009-04-04,0.0,0.74,0.896,0.0
2009-04-05,0.0,1.65,0.85,0.0
2009-04-06,0.0,2.6,0.824,0.04
2009-04-07,1.7041666953717713,1.3,,1.35
2009-04-08,2.680166764264022,0.51,,1.7
2009-04-09,0.18650001722306275,1.15,0.847,0.06
2009-04-10,0.028222214567527666,3.24,0.786,1.21
2009-04-11,0.028222214567527666,2.99,0.758,3.99
2009-04-12,0.45155543308044266,2.25,0.774,0.94
2009-04-13,0.0,2.28,,0.02
2009-04-14,0.0,3.75,,0.04
2009-04-15,0.2187221628983394,3.96,,0.85
2009-04-16,1.9227776820940958,0.61,,2.96
2009-04-17,9.750610435584315,0.22,,5.44
2009-04-18,0.03527776820940958,2.39,,0.32
2009-04-19,0.0,2.73,,0.18
2009-04-20,0.0,3.24,,0.0
2009-04-21,0.0,2.66,,0.0
2009-04-22,0.0,3.34,,0.02
2009-04-23,0.0,3.81,,0.15
2009-04-24,0.0,4.14,,0.01
2009-04-25,0.0,2.73,,0.02
2009-04-26,2.3374443257966786,1.3,,2.03
2009-04-27,2.4884998105463096,3.01,,2.82
2009-04-28,1.3112778371016605,2.02,,1.22
2009-04-29,0.0,2.5,,0.23
2009-04-30,0.0,2.95,,0.02
2009-05-01,0.0,3.2,,0.01
2009-05-02,0.0,1.69,,0.02
2009-05-03,0.19883333907435424,2.61,,0.63
2009-05-04,0.0,2.75,,0.06
2009-05-05,1.1034443946889299,1.39,,0.32
2009-05-06,0.0,2.14,,0.0
2009-05-07,0.0,2.52,,0.01
2009-05-08,0.0,3.12,,0.08
2009-05-09,0.0,2.53,,0.7
2009-05-10,0.0,4.67,,0.04
2009-05-11,0.14111107283763832,5.11,,0.64
2009-05-12,4.715783590461979,2.17,,3.79
2009-05-13,0.9235752045089325,1.25,,2.22
2009-05-14,14.240057016028745,2.06,,8.4
2009-05-15,7.421832953482253,1.21,,6.7
2009-05-16,0.3231073872295626,1.87,,0.49
2009-05-17,0.4056631925567557,2.46,,1.07
2009-05-18,1.2549668896872748,3.0,,1.03
2009-05-19,0.0,3.28,,0.05
2009-05-20,0.0,3.18,,0.15
2009-05-21,0.0,3.26,,0.08
2009-05-22,0.0,4.21,,0.01
2009-05-23,0.24274193875139308,3.85,,2.25
2009-05-24,0.0,5.62,,0.02
2009-05-25,0.0,3.97,,0.25
2009-05-26,31.044565010574132,0.8,,28.55
2009-05-27,0.31162494114155137,1.82,,0.75
2009-05-28,0.05116267517586653,1.93,,0.16
2009-05-29,0.0,6.63,,0.01
2009-05-30,0.0,7.34,,0.0
2009-05-31,0.0,5.07,,0.01
2009-06-01,1.0641741654785328,6.6,,4.83
2009-06-02,0.0,5.55,,0.56
2009-06-03,0.0,4.67,,0.04
2009-06-04,0.0,3.42,,0.05
2009-06-05,0.013942335340104695,1.8,,0.21
2009-06-06,0.0,4.29,,0.09
2009-06-07,4.508978067714655,2.56,,3.17
2009-06-08,1.7504295714541596,2.58,,1.88
2009-06-09,15.88737549261505,1.57,,16.29
2009-06-10,10.365345519294072,1.71,,6.89
2009-06-11,1.1635690005187713,2.59,,3.64
2009-06-12,0.0,4.28,,0.02
2009-06-13,0.0,3.86,,0.05
2009-06-14,5.746214685500906,1.94,,3.99
2009-06-15,3.363795407607626,1.96,,2.12
2009-06-16,0.0,4.56,,0.01
2009-06-17,0.0,5.28,,0.04
2009-06-18,0.0,4.77,,0.19
2009-06-19,0.011153868272083756,4.43,,0.4
2009-06-20,0.002788467068020939,2.59,0.41,0.17
2009-06-21,0.763122250711192,4.07,0.481,1.38
2009-06-22,0.0,4.73,0.425,0.0
2009-06-23,0.0,6.49,0.391,0.01
2009-06-24,0.0,8.4,0.388,0.01
2009-06-25,0.0,6.21,0.386,0.02
2009-06-26,0.0,3.23,0.409,0.12
2009-06-27,10.357963220674199,3.59,0.933,11.6
2009-06-28,0.0,4.08,0.44,0.08
2009-06-29,0.0,6.18,0.437,0.01
2009-06-30,0.0,6.0,0.428,0.06
2009-07-01,0.0,5.14,0.357,0.06
2009-07-02,0.013942335340104695,5.96,0.382,0.86
2009-07-03,0.0,2.27,0.37,0.18
2009-07-04,0.0,4.47,0.38,0.02
2009-07-05,0.29528600792294357,3.91,0.365,2.76
2009-07-06,4.207181926440549,3.08,0.419,3.34
2009-07-07,8.960654136412291,3.04,0.529,10.1
2009-07-08,11.5690758632074,1.85,0.748,12.9
2009-07-09,1.5565042556992397,3.23,0.702,3.72
2009-07-10,0.0,2.64,0.408,0.12
2009-07-11,1.6126355334195077,1.32,0.45,1.33
2009-07-12,2.0992931189155146,3.27,0.442,3.48
2009-07-13,0.0,3.74,0.359,0.0
2009-07-14,0.0,3.43,0.358,0.31
2009-07-15,0.0,5.03,0.351,0.03
2009-07-16,0.0,4.78,0.394,0.01
2009-07-17,0.7803536931743237,3.04,0.344,3.76
2009-07-18,3.866203760789975,4.97,0.454,2.21
2009-07-19,6.209541196500307,2.96,0.43,5.49
2009-07-20,0.5167505138651513,3.69,0.342,0.54
2009-07-21,10.619390063657656,3.68,0.853,21.97
2009-07-22,13.528986132983743,2.84,0.693,11.37
2009-07-23,5.452852935530452,1.8,1.86,6.08
2009-07-24,7.7948681018049255,3.53,0.695,6.1
2009-07-25,0.13975193121697443,3.92,0.427,1.18
2009-07-26,0.0,4.17,0.399,0.06
2009-07-27,0.6213374685926779,1.93,0.379,2.75
2009-07-28,0.0,4.14,0.393,0.01
2009-07-29,0.0,3.99,0.339,0.08
2009-07-30,0.0,3.97,0.335,0.2
2009-07-31,0.0,3.09,0.379,0.23
2009-08-01,0.0,4.25,0.328,0.06
2009-08-02,6.9119633746859925,2.92,0.614,7.55
2009-08-03,0.0,3.18,0.354,0.03
2009-08-04,0.0,4.71,0.34,0.03
2009-08-05,0.0,2.55,0.311,0.72
2009-08-06,0.0,4.52,0.314,0.02
2009-08-07,0.3789807988923877,2.2,0.312,1.49
2009-08-08,0.0,3.04,0.312,0.03
2009-08-09,0.0,3.49,0.311,0.02
2009-08-10,0.9330894470837591,3.58,0.307,0.6
2009-08-11,1.7266158467006798,2.49,0.321,1.43
2009-08-12,1.7758656535837725,2.65,0.33,0.79
2009-08-13,10.847268126407169,1.88,1.23,7.06
2009-08-14,0.0,3.11,1.12,0.04
2009-08-15,0.0,4.84,0.575,0.02
2009-08-16,0.0,2.89,0.374,0.04
2009-08-17,0.0,2.86,0.343,0.01
2009-08-18,0.0,3.64,0.333,0.34
2009-08-19,0.0,4.28,0.327,0.07
2009-08-20,5.890064595717058,3.6,,3.6
2009-08-21,0.0,3.27,0.334,0.34
2009-08-22,0.0,3.15,0.287,0.04
2009-08-23,0.0,0.0,0.286,0.03
2009-08-24,0.0,3.34,0.28,0.25
2009-08-25,1.8608118222951835,1.35,0.283,1.61
2009-08-26,0.0,3.15,0.284,0.1
2009-08-27,0.0,2.18,0.282,0.03
2009-08-28,0.4118640049466672,0.04,0.279,0.45
2009-08-29,0.0,2.084242424242424,0.278,0.08
2009-08-30,0.0,2.23,0.276,0.18
2009-08-31,0.0,4.25,0.275,0.05
2009-09-01,3.4513365480320592,1.01,0.271,3.28
2009-09-02,1.2942979280897615,2.01,0.305,0.53
2009-09-03,1.548702331321424,1.37,0.302,1.49
2009-09-04,5.318475854422554,1.98,0.421,3.62
2009-09-05,0.0,2.41,0.337,0.05
2009-09-06,0.009294890226736463,1.8028551693404635,0.308,0.04
2009-09-07,0.0,1.7545597147950085,0.296,0.1
2009-09-08,0.0,3.6,0.286,0.1
2009-09-09,0.07641168417245699,1.97,0.281,2.41
2009-09-10,0.0,3.59,0.263,1.04
2009-09-11,0.0,3.1,0.262,0.0
2009-09-12,0.0,2.4,0.261,0.0
2009-09-13,0.00743591218138917,1.73,0.264,0.15
2009-09-14,0.3284967936302331,3.11,0.267,1.48
2009-09-15,1.1956028304350252,2.08,0.273,0.9
2009-09-16,0.0,2.22,0.278,0.05
2009-09-17,0.0,4.07,0.271,0.02
2009-09-18,0.0,3.29,0.267,0.05
2009-09-19,0.0,2.16,0.265,0.01
2009-09-20,0.0,2.18,0.265,0.01
2009-09-21,0.0,1.52,0.265,0.01
2009-09-22,0.0,2.42,0.264,0.03
2009-09-23,0.3948308473598354,0.7,0.264,0.01
2009-09-24,0.5284420019703908,1.88,0.265,0.19
2009-09-25,0.0,1.71,0.265,0.0
2009-09-26,0.0,1.91,0.265,0.02
2009-09-27,0.0,1.8,0.268,0.02
2009-09-28,0.0,1.28,0.265,0.0
2009-09-29,0.0,1.2,0.265,0.01
2009-09-30,0.0,1.26,0.263,0.03
2009-10-01,0.0,1.71,0.263,0.05
2009-10-02,0.0,1.67,0.264,0.0
2009-10-03,0.15693789418820825,0.92,0.263,0.18
2009-10-04,0.8442062466194737,1.24,0.264,0.7
2009-10-05,9.723549436474059,0.23,0.412,6.45
2009-10-06,3.7683031586552023,0.15,0.526,5.19
2009-10-07,14.742082802378269,0.32,0.837,11.5
2009-10-08,0.7403322295542794,1.65,0.625,0.55
2009-10-09,7.7191731564644375,1.19,0.468,5.23
2009-10-10,0.7870912239849753,0.55,0.588,0.76
2009-10-11,1.3387282276204073,0.63,0.331,1.83
2009-10-12,2.577016394529869,1.36,,4.1
2009-10-13,1.1464257160516866,0.6,,1.19
2009-10-14,0.0,1.5,,0.02
2009-10-15,0.0,1.43,,0.01
2009-10-16,1.2571066118789698,1.15,,2.14
2009-10-17,2.815668763018644,0.88,,2.46
2009-10-18,0.0,0.85,,0.01
2009-10-19,0.0,0.72,,0.06
2009-10-20,0.0,1.03,,0.12
2009-10-21,3.182357520450893,0.44,,2.67
2009-10-22,0.0,0.36,,0.31
2009-10-23,0.0,0.65,,0.08
2009-10-24,3.3345584555149217,0.02,,2.21
2009-10-25,0.002788467068020939,0.61,,0.05
2009-10-26,0.0,0.71,,0.01
2009-10-27,0.0,0.5,,0.01
2009-10-28,0.0,0.48,0.303,0.04
2009-10-29,0.0,0.26,0.31,0.0
2009-10-30,0.0,0.52,0.313,0.02
2009-10-31,0.0,0.64,,0.0
2009-11-01,12.086922506294215,0.18,,9.78
2009-11-02,1.2162676856918377,0.49,,1.43
2009-11-03,13.393185797603522,0.15,,11.35
2009-11-04,2.4500593132970003,0.34,0.88,3.1
2009-11-05,4.623706942421545,0.29,0.613,7.2
2009-11-06,0.882677687511292,0.46,0.587,1.94
2009-11-07,3.083130948499067,0.08,0.587,3.41
2009-11-08,0.0,0.14,0.383,0.03
2009-11-09,0.003717956090694585,0.65,0.345,0.09
2009-11-10,0.8710053673025097,0.08,0.359,1.14
2009-11-11,0.2986528737529363,0.34,0.369,0.94
2009-11-12,2.493490321251187,0.35,0.461,2.19
2009-11-13,3.486621596088492,0.88,0.487,1.51
2009-11-14,4.180522410865085,1.49,0.602,8.09
2009-11-15,2.8769282365338222,0.29,0.672,3.69
2009-11-16,0.9977771860194701,0.47,0.477,2.15
2009-11-17,1.210533245608312,0.14,0.432,1.98
2009-11-18,0.0,0.72,0.417,0.0
2009-11-19,0.0,0.3,0.382,0.04
2009-11-20,0.2969954361739867,0.43,0.374,0.0
2009-11-21,0.6212076302553994,0.53,0.387,0.22
2009-11-22,12.422859465858853,0.85,0.957,11.2
2009-11-23,21.729090576722562,0.37,2.26,21.16
2009-11-24,4.7419475321896485,0.63,1.63,3.2
2009-11-25,1.4843078231241662,1.11,0.756,2.31
2009-11-26,4.869778223664212,0.53,0.686,5.99
2009-11-27,12.158244696108806,0.17,1.85,14.42
2009-11-28,8.149517894313178,0.43,2.23,11.34
2009-11-29,1.0384812076621117,0.79,1.75,1.53
2009-11-30,0.02788467068020939,0.13,0.839,0.3
2009-12-01,1.712566185468071,0.22,0.737,2.15
2009-12-02,3.9862737614178876,0.26,0.657,5.16
2009-12-03,3.0272297802678176,0.14,0.987,3.83
2009-12-04,4.293963204737768,0.24,1.65,6.21
2009-12-05,9.403287207547695,0.29,1.74,9.35
2009-12-06,3.9148769795282092,0.05,2.24,3.84
2009-12-07,4.111519514824381,0.23,1.23,3.93
2009-12-08,0.7722550233855819,0.13,1.55,1.14
2009-12-09,1.9931167185457106,0.2,0.979,1.77
2009-12-10,5.353700866695494,0.19,2.01,4.38
2009-12-11,0.0,0.55,1.05,0.22
2009-12-12,0.0,0.49,0.84,0.02
2009-12-13,0.0,0.6,0.706,0.01
2009-12-14,0.0,0.11115259740259739,0.653,0.02
2009-12-15,0.0,0.11137987012987013,0.596,0.0
2009-12-16,0.0,0.22,0.549,0.05
2009-12-17,3.7170448239324587,0.3,0.56,3.38
2009-12-18,0.07584124156366491,0.29,0.543,0.02
2009-12-19,0.0,0.23,0.507,0.25
2009-12-20,4.707715665957101,0.0,0.513,4.0
2009-12-21,0.2419132644410279,0.13,0.514,0.27
2009-12-22,2.5834642268780765,0.06,0.596,0.74
2009-12-23,0.0,0.1,0.629,0.01
2009-12-24,5.777351028923643,0.22,0.625,2.52
2009-12-25,9.053468857631142,0.17,5.06,2.64
2009-12-26,0.0,0.02,2.25,0.0
2009-12-27,0.816570040870544,0.35,1.5,0.74
2009-12-28,0.0,0.2,1.19,0.02
2009-12-29,9.617178006818055,0.25,1.54,6.49
2009-12-30,7.715141356765849,0.0,3.99,5.35
2009-12-31,1.3400866545689678,0.39,3.0,0.86
2010-01-01,0.0,0.81,1.53,0.0
2010-01-02,0.0,0.2,1.03,0.14
2010-01-03,2.653276629332689,-0.0,0.918,1.01
2010-01-04,0.0,0.11,0.812,0.13
2010-01-05,0.0,0.0,0.758,0.16
2010-01-06,0.01301284631743105,-0.0,0.693,0.29
2010-01-07,0.41465247201468813,0.0,0.65,0.37
2010-01-08,0.0,0.23,0.566,0.01
2010-01-09,0.009294890226736463,1.19,0.559,0.3
2010-01-10,0.0,0.48,0.564,0.09
2010-01-11,0.0,0.32,0.562,0.06
2010-01-12,0.006506423158715525,0.31,0.565,0.0
2010-01-13,0.7370187993693642,0.25,0.593,0.76
2010-01-14,0.0,0.2,0.652,0.03
2010-01-15,0.0,0.27,0.65,0.01
2010-01-16,6.660420042063885,0.37,1.07,5.8
2010-01-17,3.7145615130308927,0.1,2.2,0.7
2010-01-18,0.0,0.21,1.31,0.09
2010-01-19,0.01301284631743105,0.1,1.03,0.21
2010-01-20,0.0,0.19,0.954,0.26
2010-01-21,0.0,0.19,0.827,0.05
2010-01-22,0.0,0.43,0.759,0.19
2010-01-23,7.165087198634279,0.16,0.913,6.34
2010-01-24,0.11412090875937894,0.06,1.47,0.67
2010-01-25,0.0,0.34,1.01,0.02
2010-01-26,0.0,0.59,0.825,0.0
2010-01-27,2.799933453036312,0.67,0.763,2.91
2010-01-28,1.424498093393191,0.4,1.1,1.72
2010-01-29,9.14651531902072,0.2,2.4,7.17
2010-01-30,2.4929690683267394,0.1,1.86,2.06
2010-01-31,0.0,0.2,1.23,0.01
2010-02-01,1.030848455577407,0.28,1.06,0.88
2010-02-02,6.885048971957272,0.18,1.71,6.48
2010-02-03,1.2966378347330894,0.26,2.58,1.54
2010-02-04,0.002788467068020939,0.2,1.58,0.43
2010-02-05,4.7858627243319125,0.18,1.99,4.76
2010-02-06,0.0,0.3,1.49,0.0
2010-02-07,1.1441542559473803,0.05,1.18,0.01
2010-02-08,3.0385689110558096,0.5,1.36,1.22
2010-02-09,0.0,0.86,1.15,0.02
2010-02-10,2.366076723440445,0.89,0.941,2.53
2010-02-11,0.1273451512717205,0.99,0.879,0.24
2010-02-12,0.0,0.51,0.761,0.0
2010-02-13,0.0,0.75,0.765,0.02
2010-02-14,1.3063536177743134,0.41,0.728,0.43
2010-02-15,0.0,0.22,0.765,0.26
2010-02-16,0.0,1.08,0.751,0.2
2010-02-17,0.264004904227203,0.39,0.725,0.85
2010-02-18,0.40961315771180207,0.61,0.804,0.47
2010-02-19,0.01487182436277834,0.26,0.873,0.05
2010-02-20,0.03545557636430806,0.78,0.767,0.12
2010-02-21,0.0,0.72,0.727,0.1
2010-02-22,11.377239457070408,0.32,1.63,9.93
2010-02-23,4.511197991749217,0.36,2.52,3.03
2010-02-24,2.421037012989305,0.63,1.76,1.74
2010-02-25,6.288389071589476,0.69,3.15,4.57
2010-02-26,0.44076767866036193,1.26,2.5,0.99
2010-02-27,3.12961851095136,1.09,1.87,3.52
2010-02-28,18.036400076280927,0.27,7.29,16.77
2010-03-01,1.2804545078866323,0.84,5.25,0.49
2010-03-02,0.0,1.44,2.12,0.03
2010-03-03,0.0,1.82,1.58,0.0
2010-03-04,0.0,2.15,1.28,0.0
2010-03-05,0.8984822564868418,0.87,1.08,1.51
2010-03-06,0.8604852330128083,2.26,1.17,0.99
2010-03-07,0.0,2.61,0.946,0.01
2010-03-08,0.25971976111781425,1.17,0.927,0.25
2010-03-09,0.0,2.04,0.844,0.01
2010-03-10,0.0,3.04,0.791,0.02
2010-03-11,0.0,1.22,0.763,0.02
2010-03-12,0.0,0.93,0.736,0.0
2010-03-13,0.018589780453472926,0.76,0.696,0.19
2010-03-14,0.0,1.18,0.702,0.04
2010-03-15,0.0,1.86,0.676,0.12
2010-03-16,0.0,0.85,0.661,0.03
2010-03-17,0.0,1.91,0.644,0.15
2010-03-18,0.0,3.32,0.637,0.15
2010-03-19,2.385999073849387,1.73,0.637,1.23
2010-03-20,3.2407965165766113,1.56,0.834,6.72
2010-03-21,11.10855157292467,0.75,2.53,7.74
2010-03-22,0.002788467068020939,1.7,1.13,0.04
2010-03-23,0.00743591218138917,1.55,0.885,0.21
2010-03-24,0.0,2.3,0.84,0.1
2010-03-25,2.738858520560035,2.07,0.806,1.53
2010-03-26,0.0,1.71,0.858,0.07
2010-03-27,0.32502965664850025,1.61,0.716,0.36
2010-03-28,4.692258477049807,1.58,0.682,2.59
2010-03-29,10.791861907297207,1.36,1.96,8.37
2010-03-30,3.8140820294058964,1.16,1.66,3.08
2010-03-31,5.478302941432872,1.66,1.5,3.94
2010-04-01,0.0,2.56,1.79,0.21
2010-04-02,2.4361103778184807,2.12,1.22,2.08
2010-04-03,7.0633266811235575,1.1,1.77,8.09
2010-04-04,2.102606638058649,1.43,2.4,2.26
2010-04-05,0.0,1.93,1.38,0.02
2010-04-06,0.0,3.7,1.14,0.02
2010-04-07,0.8929020667607022,1.8,0.998,1.03
2010-04-08,2.6744262123381484,2.79,1.18,1.0
2010-04-09,0.0,2.94,0.879,0.01
2010-04-10,0.0,2.84,0.824,0.03
2010-04-11,0.0,2.93,0.776,0.03
2010-04-12,0.0,3.51,0.734,0.09
2010-04-13,0.0,1.28,0.7,0.0
2010-04-14,0.0,2.1690140374331555,0.669,0.0
2010-04-15,0.0,4.38,0.638,0.0
2010-04-16,0.0,2.02,0.616,0.0
2010-04-17,0.0,3.55,0.613,0.0
2010-04-18,0.0,3.34,0.615,0.0
2010-04-19,0.0,3.05,0.58,0.0
2010-04-20,0.0,3.65,0.571,0.0
2010-04-21,0.0,2.81,0.566,0.02
2010-04-22,0.0,3.58,0.536,0.03
2010-04-23,0.0,3.94,0.541,0.04
2010-04-24,0.0,3.74,0.524,0.02
2010-04-25,0.0,2.67,0.503,0.17
2010-04-26,0.0,1.44,0.521,0.03
2010-04-27,0.0,2.62,0.491,0.1
2010-04-28,0.0,3.93,0.493,0.03
2010-04-29,3.0130700811131748,3.64,0.497,4.76
2010-04-30,0.0,1.97,0.751,0.08
2010-05-01,0.2566308384464202,1.46,0.486,0.37
2010-05-02,4.377838557660039,2.1,0.674,5.08
2010-05-03,2.876694871454706,1.35,0.6,1.54
2010-05-04,0.0,3.28,0.429,0.01
2010-05-05,0.0,2.53,0.435,0.01
2010-05-06,0.0,3.19,0.478,0.02
2010-05-07,0.0,1.49,0.45,0.05
2010-05-08,0.0,1.11,0.459,0.05
2010-05-09,0.0,2.27,0.452,0.04
2010-05-10,0.0,3.49,0.435,0.01
2010-05-11,3.351139708128743,1.66,0.444,4.43
2010-05-12,0.20298015180590584,1.09,0.519,0.26
2010-05-13,0.6021068994160585,1.34,0.451,0.56
2010-05-14,0.0,3.61,0.458,0.01
2010-05-15,0.0,3.38,0.425,0.01
2010-05-16,0.0,3.13,0.417,0.14
2010-05-17,1.2015748893506828,3.9,0.464,0.08
2010-05-18,0.0,3.71,0.387,0.0
2010-05-19,0.0,4.68,0.4,0.0
2010-05-20,0.0,4.98,0.384,0.08
2010-05-21,0.0,4.76,0.38,0.01
2010-05-22,0.0,4.95,0.374,0.08
2010-05-23,0.0,5.07,0.368,0.14
2010-05-24,0.0,5.66,0.379,0.08
2010-05-25,0.0,5.7,0.456,0.15
2010-05-26,24.04269275685933,1.2,1.48,13.18
2010-05-27,0.0,2.49,0.525,1.08
2010-05-28,0.0,3.46,0.416,0.04
2010-05-29,2.7331686507637087,3.08,0.401,2.95
2010-05-30,1.0008399750118622,1.56,0.469,1.59
2010-05-31,0.006506423158715525,1.04,0.391,0.12
2010-06-01,0.0260256926348621,1.37,0.364,0.48
2010-06-02,0.0,5.2,0.381,0.02
2010-06-03,0.0,6.5,0.357,0.04
2010-06-04,0.0,5.47,0.345,0.02
2010-06-05,0.0,4.77,0.345,0.02
2010-06-06,10.933429683453031,1.42,0.855,9.93
2010-06-07,0.0,3.05,0.388,0.13
2010-06-08,6.325789518775713,2.96,0.583,8.41
2010-06-09,2.6852054797418385,0.1,0.53,3.25
2010-06-10,2.645332120943114,3.3956550802139036,0.565,2.11
2010-06-11,0.0,2.01,0.414,0.12
2010-06-12,0.0,4.17,0.383,0.12
2010-06-13,0.0,2.54,0.354,0.22
2010-06-14,0.02509620361218845,3.71,0.35,1.7
2010-06-15,0.03717956090694585,6.43,0.337,0.54
2010-06-16,0.0,7.12,0.327,0.04
2010-06-17,0.0,5.81,0.326,0.04
2010-06-18,0.002788467068020939,0.0,0.322,0.19
2010-06-19,0.5621895060984206,3.38,0.332,1.73
2010-06-20,1.8613402189186141,2.17,0.357,1.84
2010-06-21,0.36073225297110384,0.19,0.342,0.3
2010-06-22,0.0,4.36,0.328,0.02
2010-06-23,0.0,0.4,0.321,0.07
2010-06-24,0.0,3.3353767825311937,0.309,0.05
2010-06-25,0.0,3.13,0.307,0.11
2010-06-26,0.0,4.63,0.307,0.04
2010-06-27,0.0,4.66,0.302,0.05
2010-06-28,0.0,0.1,0.287,0.06
2010-06-29,0.0,3.573732397504457,0.285,0.05
2010-06-30,0.0,3.513907085561497,0.292,0.18
2010-07-01,0.0,3.15,0.285,0.11
2010-07-02,3.050547842215284,3.93,0.307,4.12
2010-07-03,3.858847052288535,1.55,0.386,7.91
2010-07-04,0.0,4.76,0.302,0.27
2010-07-05,0.5663968015426243,2.68,0.283,0.73
2010-07-06,0.0,3.85,0.274,0.22
2010-07-07,0.0,4.25,0.268,0.02
2010-07-08,0.006506423158715525,4.54,0.281,0.04
2010-07-09,0.002788467068020939,4.06,0.253,0.03
2010-07-10,3.7499079528855828,3.16,0.331,7.41
2010-07-11,0.01301284631743105,0.16,0.345,1.16
2010-07-12,29.517214798868512,2.0,2.09,50.5
2010-07-13,0.0,0.2,0.381,0.21
2010-07-14,12.999470529821027,2.34,0.745,13.74
2010-07-15,0.8740586336351748,3.36,0.503,3.38
2010-07-16,0.0,0.41,0.28,0.33
2010-07-17,0.3870293168175874,4.02,0.278,0.89
2010-07-18,0.0,4.51,0.27,0.0
2010-07-19,0.0,4.95,0.263,0.02
2010-07-20,0.0,4.17,0.252,0.05
2010-07-21,0.0,2.31,0.253,0.33
2010-07-22,0.002788467068020939,3.29,0.245,0.06
2010-07-23,2.416562539319713,0.1,0.275,8.65
2010-07-24,0.18589780453472926,2.984872994652406,0.264,0.04
2010-07-25,0.0,2.911183155080214,0.25,0.61
2010-07-26,0.6230037637372229,2.9215040106951875,0.243,0.81
2010-07-27,0.0,2.9281717914438503,0.241,0.93
2010-07-28,2.5205877388798874,4.05,0.382,13.81
2010-07-29,3.0941038969664767,2.02,0.643,2.43
2010-07-30,0.0,3.87,0.27,0.01
2010-07-31,0.0,2.39,0.26,0.6
2010-08-01,0.0,2.05,0.252,0.16
2010-08-02,6.0175928352624135,1.0,0.292,7.27
2010-08-03,0.15987211189986716,2.82,0.295,0.52
2010-08-04,9.82017922609575,1.72,0.359,10.47
2010-08-05,1.2363461860334988,3.24,0.52,2.03
2010-08-06,0.0,3.54,0.26,0.03
2010-08-07,1.746468752407684,1.29,0.297,4.49
2010-08-08,7.1819527256514855,2.77,0.286,3.38
2010-08-09,0.00278846706802095,3.4,0.265,0.04
2010-08-10,5.990750678223382,1.48,0.274,7.39
2010-08-11,2.673311549757785,3.39,0.403,1.2
2010-08-12,0.8980580191240366,2.1,0.263,1.76
2010-08-13,5.946784493571941,2.61,0.277,5.47
2010-08-14,3.7267776064011775,2.59,0.37,5.54
2010-08-15,10.036838415332978,1.84,0.339,11.99
2010-08-16,96.79796635020986,0.22,8.94,79.15
2010-08-17,1.5564438542716175,0.51,5.71,2.7
2010-08-18,0.2716569131665848,0.05,0.752,0.28
2010-08-19,0.0,2.3905075757575753,0.439,0.0
2010-08-20,0.0037179560906946004,2.347499554367201,0.384,0.0
2010-08-21,0.0,2.3298391265597145,0.333,0.0
2010-08-22,0.2735158912119321,2.2821586452762923,0.345,0.39
2010-08-23,10.485867424894996,2.3010222816399284,0.771,12.78
2010-08-24,0.39048575742517344,2.296227272727273,0.33,0.29
2010-08-25,9.844457423580284,2.2357159090909096,0.402,13.08
2010-08-26,3.555894844778744,2.2088977272727277,1.13,6.69
2010-08-27,3.991347343469394,2.158840909090909,0.618,2.72
2010-08-28,1.9340485032919712,2.1366249999999996,0.415,1.19
2010-08-29,5.8246996338595896,2.084242424242424,0.485,0.75
2010-08-30,10.93777351412343,2.0353787878787877,1.25,13.85
2010-08-31,0.0,1.9987310606060609,0.472,0.12
2010-09-01,0.0,1.9618674242424243,0.404,0.06
2010-09-02,0.0,1.941465909090909,0.356,0.07
2010-09-03,0.0,1.9078863636363634,0.333,0.01
2010-09-04,0.0,1.87080303030303,0.356,0.01
2010-09-05,0.0,1.8685436720142599,0.317,0.0
2010-09-06,2.85121475480618,1.8028551693404635,0.309,2.82
2010-09-07,4.7982633587411,1.7545597147950085,0.787,7.03
2010-09-08,52.97488988040729,1.6979855169340465,3.64,47.08
2010-09-09,3.45471706874123,1.6380222816399288,13.4,6.99
2010-09-10,0.0,-0.0,1.53,0.23
2010-09-11,0.0,2.45,0.878,0.2
2010-09-12,0.44283940891538404,1.73,0.601,0.48
2010-09-13,0.0,2.14,0.521,0.17
2010-09-14,3.221927622658496,1.12,0.434,4.04
2010-09-15,3.957787635970364,2.37,0.901,4.45
2010-09-16,5.528033765872165,0.6,0.464,5.29
2010-09-17,0.0037179560906946004,1.9,0.548,0.13
2010-09-18,0.0,1.51,0.408,0.02
2010-09-19,0.0055769341360419,1.13,0.412,0.0
2010-09-20,0.0,1.56,0.379,0.09
2010-09-21,0.0,1.42,0.336,0.0
2010-09-22,0.0,2.1,0.344,0.0
2010-09-23,1.476668105256917,0.47,0.353,2.58
2010-09-24,2.3256461223097586,1.21,0.419,1.71
2010-09-25,10.320103278005897,1.21,0.684,15.46
2010-09-26,37.166931082600776,0.61,10.2,29.21
2010-09-27,0.3268332994734369,0.68,2.85,0.56
2010-09-28,1.0507595942430714,0.4,1.36,1.32
2010-09-29,0.20041763722439004,0.68,0.926,0.28
2010-09-30,1.6472530343472873,1.24,0.836,1.76
2010-10-01,13.453798425817707,1.04,0.832,12.92
2010-10-02,3.005177108793345,0.13,3.95,3.68
2010-10-03,0.0,1.44,1.38,0.13
2010-10-04,0.0037179560906946004,1.19,0.936,0.53
2010-10-05,0.1662327844149448,1.12,0.725,0.17
2010-10-06,0.449973054876287,0.15,0.612,1.27
2010-10-07,0.00278846706802095,0.41,0.601,0.43
2010-10-08,0.0,0.71,0.562,0.02
2010-10-09,0.0,0.86,0.54,0.06
2010-10-10,0.0,1.48,0.506,0.28
2010-10-11,0.0,1.22,0.455,0.05
2010-10-12,0.0,0.93,0.438,0.19
2010-10-13,0.0,0.65,0.434,0.01
2010-10-14,0.0,0.16,0.432,0.02
2010-10-15,3.0215441642245064,0.28,0.452,4.7
2010-10-16,1.6618562277194118,1.0,0.653,2.67
2010-10-17,0.0,0.66,0.447,0.01
2010-10-18,0.2623620229398483,0.64,0.471,0.29
2010-10-19,14.600128035512446,0.46,0.751,15.83
2010-10-20,16.963695136455886,0.13,6.25,21.01
2010-10-21,0.0,0.35,2.61,0.01
2010-10-22,0.0,0.29,1.21,0.18
2010-10-23,7.698605583643926,0.0,1.32,10.72
2010-10-24,5.068429563485944,0.0,2.22,7.34
2010-10-25,0.301169908842554,0.38,1.55,1.2
2010-10-26,3.1403612531792495,0.55,1.04,3.83
2010-10-27,4.894221525397561,0.36,2.59,4.8
2010-10-28,0.35701429688040925,0.17,1.31,0.13
2010-10-29,0.0,0.71,1.04,0.0
2010-10-30,0.61314268465471,0.25,0.929,0.0
2010-10-31,3.202094786260366,0.24,1.17,2.68
2010-11-01,0.0,0.09,0.904,0.08
2010-11-02,0.0,0.13,0.785,0.04
2010-11-03,0.0,0.49,0.744,0.01
2010-11-04,0.0,0.94,0.691,0.0
2010-11-05,3.5874807389968124,0.18,0.747,2.21
2010-11-06,6.748203590841752,0.2,2.09,6.82
2010-11-07,0.0037179560906946004,0.08,1.12,0.44
2010-11-08,2.1908508604169024,0.32,0.992,4.27
2010-11-09,12.137936987690543,0.21,3.12,16.78
2010-11-10,7.695347488679422,0.02,7.11,13.75
2010-11-11,12.790118211297546,0.0,7.25,14.67
2010-11-12,9.010871224550403,0.78,7.97,0.01
2010-11-13,41.72659015983175,0.0,26.8,18.05
2010-11-14,6.078132324166778,0.0,28.8,6.07
2010-11-15,0.0,0.0,5.65,0.03
2010-11-16,0.0,0.14,2.79,0.0
2010-11-17,0.0,0.21,2.07,0.02
2010-11-18,0.0055769341360419,0.14,1.67,0.0
2010-11-19,0.0,0.3,1.4,0.08
2010-11-20,0.0,0.09,1.2,0.0
2010-11-21,0.0,0.05,1.13,0.01
2010-11-22,0.0,0.17,1.03,0.2
2010-11-23,1.6905635161321393,0.0,1.1,3.48
2010-11-24,5.29982838457099,0.0,1.78,5.37
2010-11-25,2.983687647270461,0.02,2.06,4.28
2010-11-26,2.2585202850897224,0.0,1.67,2.63
2010-11-27,1.7559614807006523,0.0,1.98,1.66
2010-11-28,0.0,0.0,1.34,0.01
2010-11-29,0.0278846706802095,0.04,1.15,0.2
2010-11-30,0.5822028154911585,0.0,1.08,1.19
2010-12-01,2.1853798961585995,0.37,1.01,0.02
2010-12-02,0.7480475298672515,0.11,0.872,1.3
2010-12-03,0.0111538682720838,0.0,0.74,0.12
2010-12-04,7.944009406716159,0.0,0.738,9.79
2010-12-05,5.399961120646518,0.05,7.01,7.06
2010-12-06,0.0,0.0,2.74,0.0
2010-12-07,0.0,0.0,1.56,0.08
2010-12-08,0.0,0.0,1.21,1.23
2010-12-09,1.1925837992756365,0.0,1.03,0.03
2010-12-10,0.5309557814699113,0.33,1.36,1.05
2010-12-11,0.5165194062132155,0.18,1.47,0.01
2010-12-12,0.058692801931149244,0.0,1.16,0.57
2010-12-13,0.0055769341360419,0.0,0.932,0.78
2010-12-14,0.0,0.0,0.838,0.02
2010-12-15,0.9559320024733338,0.0,0.812,1.64
2010-12-16,12.006647473239273,0.0,3.26,17.87
2010-12-17,0.860610370787005,0.0,2.76,0.95
2010-12-18,0.883468838482939,0.0,1.44,2.14
2010-12-19,4.318064273776011,0.0,1.21,5.09
2010-12-20,0.00278846706802095,0.11807916348357525,1.04,0.15
2010-12-21,5.454197893308556,0.11141520244461421,1.04,2.02
2010-12-22,0.49869835324483436,0.11516520244461419,1.26,0.81
2010-12-23,3.5346756371359396,0.0,1.22,3.98
2010-12-24,0.9882935010008169,0.38,1.09,1.44
2010-12-25,0.0,0.0,0.96,0.03
2010-12-26,0.013012846317431102,0.0,0.924,0.27
2010-12-27,0.0,0.0,0.957,0.0
2010-12-28,0.05855780842843995,0.0,0.911,0.94
2010-12-29,0.006506423158715551,0.0,1.34,0.01
2010-12-30,0.0,0.0,2.4,0.03
2010-12-31,0.0,0.0,1.82,0.0
2011-01-01,0.3442920504378388,0.0,1.95,0.33
2011-01-02,0.22657832336196154,0.0,1.53,0.15
2011-01-03,0.2038102710892553,0.0,1.24,0.57
2011-01-04,0.0,0.0,1.15,0.02
2011-01-05,0.009294890226736501,0.24,1.02,0.14
2011-01-06,12.70108473754298,0.0,3.13,13.45
2011-01-07,3.8804090283947352,0.0,3.07,5.35
2011-01-08,4.185469864771759,0.03,2.76,4.18
2011-01-09,0.0,0.0,1.74,0.28
2011-01-10,0.0,0.0,1.31,0.02
2011-01-11,2.879071757876184,0.0,1.57,3.17
2011-01-12,12.298886782392623,0.0,4.22,12.42
2011-01-13,14.590075621751616,0.0,14.2,16.19
2011-01-14,2.117603600195624,0.14037433155080214,7.9,2.78
2011-01-15,0.0,0.14428810160427807,3.35,0.25
2011-01-16,0.0,0.0,1.99,0.0
2011-01-17,0.30938910480063014,0.0,1.7,0.51
2011-01-18,0.7580103328667711,0.0,1.64,0.92
2011-01-19,0.5619753089157612,0.0,1.28,0.82
2011-01-20,0.006506423158715551,0.0,1.15,0.05
2011-01-21,0.0,0.0,1.02,0.08
2011-01-22,0.6496140084624054,0.18,1.05,0.74
2011-01-23,1.56978672337796,0.04,1.01,0.74
2011-01-24,0.40309687882457423,0.19,1.07,1.15
2011-01-25,9.888790885465728,0.0,2.31,11.51
2011-01-26,1.2006397905602297,0.0,3.09,2.0
2011-01-27,0.0,0.09,1.57,0.03
2011-01-28,0.0,0.24,1.19,0.01
2011-01-29,0.0,0.0,1.02,0.06
2011-01-30,0.0,0.07,0.892,0.04
2011-01-31,0.0,0.09,0.821,0.15
2011-02-01,0.898815534865851,0.25,0.788,1.19
2011-02-02,0.17923577500386317,0.21,0.818,0.67
2011-02-03,0.260503044894501,0.2,0.865,0.46
2011-02-04,0.21713062775082315,0.62,0.849,0.23
2011-02-05,0.0,0.3423362299465241,0.809,0.06
2011-02-06,0.0,0.3508923796791444,0.762,0.0
2011-02-07,0.0,0.92,0.742,0.03
2011-02-08,0.0,0.0,0.703,0.01
2011-02-09,0.0,0.38928810160427807,0.681,0.02
2011-02-10,4.176772630161672,0.08,0.726,5.34
2011-02-11,4.6939407812512135,0.17,1.66,4.08
2011-02-12,0.448104221102427,0.0,1.09,0.87
2011-02-13,0.0,0.08,0.937,0.02
2011-02-14,1.2067712549987037,0.0,0.897,0.06
2011-02-15,2.0867710569245768,0.4527907754010695,0.889,2.44
2011-02-16,0.0,0.0,0.948,0.0
2011-02-17,0.0,0.0,0.787,0.01
2011-02-18,0.0,0.0,0.725,0.0
2011-02-19,4.169988263844358,0.0,0.798,3.75
2011-02-20,0.4145919816288471,0.03,0.976,0.05
2011-02-21,0.05298087429239805,0.1,0.795,0.03
2011-02-22,0.0,0.0,0.748,0.08
2011-02-23,8.856902270424824,0.06,0.815,11.36
2011-02-24,3.0661920054861294,0.05,3.37,1.62
2011-02-25,0.07382150198073589,0.24,1.34,0.09
2011-02-26,7.186728921980997,0.0,2.17,9.45
2011-02-27,0.40071013667458355,0.73,2.28,0.67
2011-02-28,2.4811988233516167,0.0,1.63,2.51
2011-03-01,0.0,0.86,1.24,0.01
2011-03-02,0.0,1.38,1.07,0.02
2011-03-03,0.0,1.44,0.954,0.04
2011-03-04,0.0,1.04,0.842,0.01
2011-03-05,0.0,0.57,0.809,0.01
2011-03-06,0.0,1.63,0.754,0.07
2011-03-07,0.0,1.88,0.715,0.01
2011-03-08,0.0,1.62,0.707,0.02
2011-03-09,0.151827332358552,0.72,0.699,0.27
2011-03-10,0.0,0.78,0.673,0.06
2011-03-11,0.0,0.0,0.65,0.02
2011-03-12,0.00278846706802095,1.78,0.65,0.35
2011-03-13,0.0,0.02,0.646,0.08
2011-03-14,0.0,0.49,0.606,0.05
2011-03-15,0.0,1.5,0.593,0.0
2011-03-16,0.0,0.0,0.607,0.12
2011-03-17,0.07382150198073589,1.2444407308377898,0.588,0.0
2011-03-18,5.763756439295924,0.42,0.647,11.11
2011-03-19,0.0,2.18,0.85,0.01
2011-03-20,0.0,0.0,0.605,0.01
2011-03-21,0.0,1.67,0.575,0.01
2011-03-22,0.0,2.36,0.555,0.0
2011-03-23,0.0,2.68,0.533,0.04
2011-03-24,0.0,0.0,0.531,0.01
2011-03-25,0.0,2.16,0.558,0.01
2011-03-26,0.0,1.97,0.55,0.0
2011-03-27,0.0,1.98,0.539,0.0
2011-03-28,0.0,0.0,0.53,0.02
2011-03-29,0.0,2.03,0.518,0.02
2011-03-30,1.8208485838415178,0.86,0.495,2.36
2011-03-31,2.5637677399974206,1.25,0.647,2.48
2011-04-01,0.0,1.8275394385026738,0.528,0.1
2011-04-02,0.0,3.07,0.525,0.12
2011-04-03,0.9450021871124223,1.69,0.513,0.23
2011-04-04,0.0,1.93,0.485,0.07
2011-04-05,0.8734980793302395,0.0,0.479,1.71
2011-04-06,0.0,3.18,0.491,0.0
2011-04-07,0.0,3.07,0.482,0.0
2011-04-08,0.0,0.0,0.452,0.0
2011-04-09,0.0,2.97,0.478,0.02
2011-04-10,0.0,3.59,0.473,0.02
2011-04-11,0.8211119707085213,2.58,0.449,1.57
2011-04-12,0.11776761732330328,2.38,0.465,1.23
2011-04-13,0.1698597815218434,1.51,0.434,0.71
2011-04-14,0.0,1.42,0.458,0.49
2011-04-15,0.0,2.06,0.455,0.01
2011-04-16,0.0,2.13,0.445,0.02
2011-04-17,0.0,0.0,0.445,0.02
2011-04-18,0.0,2.421774732620321,0.445,0.02
2011-04-19,0.0,3.42,0.445,0.01
2011-04-20,0.0,3.18,0.445,0.05
2011-04-21,0.0,0.0,0.435,0.01
2011-04-22,0.0,3.56,0.443,0.1
2011-04-23,0.029743648725556803,4.13,0.45,1.07
2011-04-24,0.0111538682720838,2.99,0.421,2.75
2011-04-25,0.0,4.29,0.403,0.02
2011-04-26,0.0,3.82,0.359,0.02
2011-04-27,0.07382150198073589,3.46,0.382,0.24
2011-04-28,4.072445709960551,0.7,0.632,11.07
2011-04-29,0.1718097185509867,3.56,0.431,1.06
2011-04-30,0.08218690318479874,5.58,0.383,0.21
2011-05-01,0.0,6.32,0.356,0.01
2011-05-02,0.0,6.71,0.35,0.02
2011-05-03,0.0,5.32,0.339,0.03
2011-05-04,0.0,4.28,0.327,0.01
2011-05-05,0.0,3.36,0.332,0.02
2011-05-06,0.0,3.27,0.327,0.03
2011-05-07,0.0,5.17,0.337,0.06
2011-05-08,0.0,3.4,0.33,0.12
2011-05-09,0.0334616048162514,3.28,0.31,0.02
2011-05-10,5.707312673982527,2.64,0.459,7.5
2011-05-11,0.0,3.24,0.305,0.03
2011-05-12,0.0,2.5,0.314,0.04
2011-05-13,0.0,3.1,0.306,0.03
2011-05-14,0.0,3.91,0.307,0.24
2011-05-15,3.2489667163513447,2.75,0.352,3.01
2011-05-16,0.0,1.26,0.301,0.09
2011-05-17,0.0,3.17,0.309,0.25
2011-05-18,0.0,2.87,0.301,0.03
2011-05-19,0.0,1.42,0.326,0.01
2011-05-20,0.0,3.61,0.316,0.04
2011-05-21,0.0,4.29,0.304,0.03
2011-05-22,2.9029613495535767,3.99,0.302,3.99
2011-05-23,0.00278846706802095,4.99,0.291,0.0
2011-05-24,0.0,0.11,0.276,0.03
2011-05-25,0.0,4.97,0.281,0.01
2011-05-26,1.730738328697154,2.53,0.265,2.78
2011-05-27,3.132695231508841,0.89,0.361,3.23
2011-05-28,0.0,3.03,0.334,0.14
2011-05-29,0.0,4.18,0.307,0.01
2011-05-30,0.15693789418820828,4.43,0.276,0.46
2011-05-31,1.6712135079073223,3.16,0.289,2.2
2011-06-01,0.0,5.45,0.303,0.0
2011-06-02,0.14764300396147179,7.15,0.27,0.0
2011-06-03,0.0,7.85,0.292,0.04
2011-06-04,0.07660996904875685,7.81,0.263,0.01
2011-06-05,0.595913141766911,2.76,0.283,1.27
2011-06-06,12.14378461472445,0.62,0.532,21.62
2011-06-07,3.222266957615352,1.38,0.352,3.19
2011-06-08,0.0,3.84,0.371,0.01
2011-06-09,0.0,4.25,0.262,0.01
2011-06-10,2.9031052895801026,0.65,0.361,4.96
2011-06-11,1.0570630319624048,1.73,0.318,1.54
2011-06-12,0.0,3.43,0.264,0.03
2011-06-13,0.05019240722437711,1.04,0.269,0.64
2011-06-14,0.0,2.76,0.259,0.04
2011-06-15,0.0,3.46,0.256,0.08
2011-06-16,12.295182295472387,2.91,0.723,14.13
2011-06-17,2.567992936281536,1.44,0.3,2.62
2011-06-18,0.658861519621911,3.4,0.382,1.7
2011-06-19,3.1024214645009596,3.9,0.509,6.94
2011-06-20,1.8355254678763142,1.41,0.263,1.16
2011-06-21,0.38212035622111057,3.23,0.296,0.42
2011-06-22,0.7340011242247404,2.31,0.282,0.79
2011-06-23,0.5240626442871086,3.5,0.275,1.45
2011-06-24,0.0,2.96,0.267,0.15
2011-06-25,2.3716391012848925,1.18,0.29,2.93
2011-06-26,0.0,3.87,0.275,0.07
2011-06-27,0.0,6.45,0.265,0.15
2011-06-28,2.50450964283063,4.24,0.251,7.05
2011-06-29,0.46023821305451285,5.71,0.29,0.06
2011-06-30,1.3892605133622087,1.73,0.249,2.53
2011-07-01,0.11514976752137687,5.24,0.268,0.28
2011-07-02,0.15043147102949272,5.18,0.238,0.01
2011-07-03,0.07382150198073589,6.35,0.237,0.01
2011-07-04,0.0,5.85,0.247,0.02
2011-07-05,0.15043147102949272,5.33,0.241,0.19
2011-07-06,1.3395490347358123,3.76,0.237,2.35
2011-07-07,0.5571731588426582,3.47,0.238,1.28
2011-07-08,1.2605326120800393,3.91,0.248,1.01
2011-07-09,2.3159297957079668,4.0,0.291,1.68
2011-07-10,0.16158533930157654,2.33,0.237,0.73
2011-07-11,0.0,4.95,0.237,0.01
2011-07-12,28.486351340189447,3.04,1.03,27.07
2011-07-13,4.138197207925667,1.4,0.837,2.13
2011-07-14,11.385661183865517,0.63,0.994,11.06
2011-07-15,0.0,4.04,0.348,0.01
2011-07-16,17.77211026311258,1.21,0.689,18.95
2011-07-17,1.8839126983445498,2.37,0.871,2.03
2011-07-18,1.4430897734219972,1.81,0.349,1.69
2011-07-19,0.48573424200939885,1.93,0.289,1.01
2011-07-20,2.1445219742181387,1.31,0.681,9.29
2011-07-21,10.153254383762576,2.08,0.505,8.34
2011-07-22,14.22928876282939,2.46,0.899,10.04
2011-07-23,5.3653323190172415,2.9,0.631,6.99
2011-07-24,0.00278846706802095,3.09,0.434,0.14
2011-07-25,0.5204487584988203,1.76,0.299,1.56
2011-07-26,0.2251824620329023,1.51,0.292,0.1
2011-07-27,3.381419173862623,1.13,0.305,2.42
2011-07-28,2.5903118845689814,2.42,0.597,3.64
2011-07-29,0.0,2.87,0.354,0.01
2011-07-30,0.6801948312120751,1.72,0.292,0.2
2011-07-31,0.0,2.65,0.279,0.0
2011-08-01,0.0,4.9,0.264,0.04
2011-08-02,0.040520658702066274,3.11,0.264,0.85
2011-08-03,1.4510665610266402,1.79,0.264,2.89
2011-08-04,2.5636505583764038,0.14,0.264,2.66
2011-08-05,0.0,2.18,0.307,0.01
2011-08-06,3.436871149150393,1.42,0.292,5.33
2011-08-07,0.9452135833073325,2.93,0.336,0.64
2011-08-08,12.204016608869235,1.51,0.719,13.41
2011-08-09,1.0382215309875542,3.42,0.587,2.81
2011-08-10,0.0,0.0,0.301,0.0
2011-08-11,0.0,3.82,0.264,0.75
2011-08-12,0.5100537619833156,1.38,0.27,1.27
2011-08-13,7.757485458708098,0.18,0.397,9.87
2011-08-14,16.05694304935364,1.45,2.01,19.6
2011-08-15,0.0,3.19,0.357,0.23
2011-08-16,0.21367750350011666,2.95,0.306,1.09
2011-08-17,0.0037179560906946004,3.55,0.275,0.03
2011-08-18,5.108487737990511,2.09,0.454,11.73
2011-08-19,0.0167308024081257,2.04,0.358,0.04
2011-08-20,0.00278846706802095,3.43,0.331,0.01
2011-08-21,1.4946279508786733,2.71,0.325,2.55
2011-08-22,5.64101153198678,0.67,0.304,15.23
2011-08-23,26.72057587701429,2.3010222816399284,3.82,46.32
2011-08-24,5.2792334208261815,0.61,1.3,4.3
2011-08-25,0.08125741416212509,2.47,0.497,0.1
2011-08-26,14.194789710579172,1.43,1.43,14.54
2011-08-27,1.209923834687817,0.12,0.687,1.96
2011-08-28,6.1104681436176085,0.84,0.583,4.96
2011-08-29,0.010224379249410151,1.69,0.644,0.0
2011-08-30,0.015801313385452053,1.08,0.463,0.12
2011-08-31,0.0111538682720838,2.16,0.428,0.01
2011-09-01,0.0,2.85,0.359,0.05
2011-09-02,0.02137824752149395,1.43,0.409,0.01
2011-09-03,8.1558276632773,2.19,0.329,0.12
2011-09-04,5.6594629743892275,1.59,1.37,9.98
2011-09-05,1.6688750462369792,2.76,0.561,2.61
2011-09-06,8.210062261697065,0.97,0.436,8.97
2011-09-07,0.42820293816527555,1.73,0.857,1.25
2011-09-08,2.6143356495026073,0.43,0.513,2.58
2011-09-09,0.47445849155321607,1.24,0.481,0.78
2011-09-10,0.006506423158715551,2.3,0.423,0.05
2011-09-11,2.5333350220690702,0.44,0.459,2.43
2011-09-12,0.0,0.75,0.406,0.23
2011-09-13,0.02695518165753585,0.09,0.337,0.04
2011-09-14,0.01951926947614665,0.0,0.329,0.03
2011-09-15,0.04182700602031425,0.0,0.316,0.0
2011-09-16,0.3914152464478471,0.04,0.324,0.64
2011-09-17,5.2721831433400235,1.448324643493761,0.335,6.56
2011-09-18,1.408763781573776,1.40304055258467,0.453,0.27
2011-09-19,1.4864083003182489,1.370978386809269,0.386,1.59
2011-09-20,0.09612923852490349,1.357248440285205,0.324,0.07
2011-09-21,0.006506423158715551,1.298114081996435,0.323,0.23
2011-09-22,0.4360307195361823,1.260219696969697,0.308,0.19
2011-09-23,0.015801313385452053,1.221185606060606,0.356,0.01
2011-09-24,0.08125741416212509,1.180219696969697,0.326,0.01
2011-09-25,0.009294890226736501,1.1381704545454545,0.305,0.04
2011-09-26,0.0055769341360419,1.095371212121212,0.298,0.04
2011-09-27,0.0,1.0276704545454547,0.292,0.01
2011-09-28,0.07660996904875685,0.9825568181818184,0.279,0.0
2011-09-29,0.00278846706802095,0.9610227272727273,0.287,0.06
2011-09-30,0.006506423158715551,0.9382386363636364,0.285,0.01
2011-10-01,0.010224379249410151,0.8902272727272726,0.291,0.02
2011-10-02,0.007435912181389201,0.874715909090909,0.27,0.42
2011-10-03,0.00278846706802095,0.8577272727272728,0.271,0.01
2011-10-04,0.0793984361167778,0.822159090909091,0.269,0.02
2011-10-05,0.6674191491244267,0.7919886363636363,0.268,0.24
2011-10-06,3.549843671141357,0.7644886363636364,0.353,2.53
2011-10-07,0.29591314176691097,0.7317045454545454,0.295,1.51
2011-10-08,6.297841475555976,0.7126136363636363,0.472,7.94
2011-10-09,4.861931274396848,0.6885795454545455,0.466,5.55
2011-10-10,0.0905523043888616,0.6669318181818181,0.394,0.17
2011-10-11,0.4782495947460141,0.6480113636363636,0.301,0.05
2011-10-12,0.12794326149071786,0.6406250000000001,0.3,0.09
2011-10-13,1.1661681370265897,0.6216477272727272,0.296,0.18
2011-10-14,0.0037179560906946004,0.5867613636363637,0.285,0.17
2011-10-15,0.00836540120406285,0.5568181818181818,0.298,5.42
2011-10-16,0.009294890226736501,0.5326704545454546,0.269,0.04
2011-10-17,0.006506423158715551,0.5133522727272727,0.296,0.01
2011-10-18,6.751746318061489,0.48357954545454535,0.473,6.55
2011-10-19,5.418195110276207,0.4632954545454545,0.314,6.42
2011-10-20,0.4564260423899247,0.44965909090909084,0.395,0.71
2011-10-21,0.01951926947614665,0.43698863636363633,0.312,0.01
2011-10-22,0.00278846706802095,0.409034090909091,0.315,0.01
2011-10-23,0.00278846706802095,0.40136363636363637,0.319,0.0
2011-10-24,0.0,0.3845454545454545,0.328,0.0
2011-10-25,10.075994046948066,0.36374999999999996,0.648,9.06
2011-10-26,0.00836540120406285,0.3546022727272727,0.377,0.33
2011-10-27,0.006506423158715551,0.34624999999999995,0.336,0.24
2011-10-28,0.013012846317431102,0.32954545454545453,0.309,0.12
2011-10-29,0.006506423158715551,0.31941844919786094,0.328,0.02
2011-10-30,0.0055769341360419,0.31089572192513365,0.315,0.05
2011-10-31,0.00278846706802095,0.30229946524064166,0.312,0.0
2011-11-01,2.2110306300732203,0.29012032085561495,0.323,1.77
2011-11-02,0.006506423158715551,0.27955213903743314,0.4,0.0
2011-11-03,0.2930351606880787,0.01,0.37,1.29
2011-11-04,0.0,0.2508288770053476,0.372,0.16
2011-11-05,0.6099773592911147,0.28,0.394,0.85
2011-11-06,0.0037179560906946004,0.93,0.361,0.02
2011-11-07,0.00278846706802095,0.23987633689839577,0.388,0.01
2011-11-08,1.0904759016966608,0.03,0.371,2.35
2011-11-09,1.022116051806283,0.22648395721925133,0.425,0.61
2011-11-10,0.0167308024081257,0.21926804812834225,0.347,0.07
2011-11-11,0.0,0.2111029411764706,0.366,0.0
2011-11-12,0.007435912181389201,0.1,0.37,0.0
2011-11-13,0.0,0.0,0.406,0.01
2011-11-14,0.0055769341360419,0.2113569518716578,0.386,0.02
2011-11-15,0.009294890226736501,0.19988636363636364,0.396,0.09
2011-11-16,0.23633633030498608,0.20326893939393936,0.397,0.0
2011-11-17,0.0,0.20991666666666664,0.367,0.0
2011-11-18,0.0,0.33,0.305,0.0
2011-11-19,0.0831163922074724,0.1,0.309,0.0
2011-11-20,0.03439109383892505,0.0,0.302,0.0
2011-11-21,0.03625007188427235,0.21573217468805703,0.3,0.09
2011-11-22,0.020448758498820302,0.32,0.34,0.06
2011-11-23,0.7095404652120474,0.24,0.304,1.33
2011-11-24,0.0,0.22,0.309,0.0
2011-11-25,0.0,0.0,0.328,0.03
2011-11-26,0.006506423158715551,0.16,0.331,0.07
2011-11-27,0.9734966343572549,0.09,0.394,0.5
2011-11-28,0.026025692634862204,0.03,0.316,0.0
2011-11-29,0.15507891614286098,0.24,0.337,0.1
2011-11-30,0.0055769341360419,0.0,0.317,0.01
2011-12-01,6.48548577707812,0.09,0.387,6.75
2011-12-02,2.486128912186666,0.0,0.637,3.26
2011-12-03,7.530569611006393,0.07,0.782,7.31
2011-12-04,0.9848225648684179,-0.0,0.473,2.31
2011-12-05,0.08722431791235165,0.0,0.449,0.48
2011-12-06,0.7587237251314523,0.0,0.385,1.5
2011-12-07,2.441451592697725,0.46,0.448,2.69
2011-12-08,0.0905523043888616,0.34,0.374,0.43
2011-12-09,7.113012935275652,0.03,0.72,6.51
2011-12-10,0.020448758498820302,0.0,0.42,0.01
2011-12-11,1.276951203580946,0.27,0.388,2.0
2011-12-12,1.5662426401434575,0.04,0.459,2.02
2011-12-13,18.531739519848948,0.17,2.16,20.41
2011-12-14,24.08686346088136,0.0,6.71,27.55
2011-12-15,1.0581663938412706,0.05,2.94,27.76
2011-12-16,38.346947423578484,0.0,11.6,39.16
2011-12-17,9.549829650618051,0.0,9.07,8.92
2011-12-18,14.651279313236317,0.0,7.97,16.3
2011-12-19,10.550053711321503,0.0,5.39,7.6
2011-12-20,4.46260768688338,0.09,6.72,4.72
2011-12-21,4.525222786359371,0.05,3.17,5.28
2011-12-22,0.15414942712018734,-0.0,2.13,0.0
2011-12-23,4.809686759416255,0.0,1.61,5.74
2011-12-24,1.9008273182956004,0.0,2.92,2.5
2011-12-25,0.20675344311701108,0.05,1.84,0.08
2011-12-26,0.0037179560906946004,0.0,1.42,0.02
2011-12-27,0.00278846706802095,0.0,1.13,0.01
2011-12-28,0.515832236585755,0.0,0.976,0.85
2011-12-29,3.4573246082122955,0.0,1.08,4.3
2011-12-30,2.3074635797915946,0.15,1.05,3.11
2011-12-31,2.076509243294668,0.02,1.24,1.4
2012-01-01,4.6875814647509015,0.0,1.18,6.61
2012-01-02,5.586059564235228,0.0,3.38,6.18
2012-01-03,7.749065542530102,0.0,2.95,7.31
2012-01-04,7.813551009711157,0.44,2.17,8.27
2012-01-05,11.176885200177828,1.05,7.0,11.09
2012-01-06,0.260503044894501,0.59,3.0,0.87
2012-01-07,3.890734676958802,0.19,2.2,3.45
2012-01-08,0.23075939616894417,0.13,1.69,0.66
2012-01-09,0.5427762065000135,0.13,1.36,0.38
2012-01-10,0.0,0.0,1.25,0.02
2012-01-11,0.0,0.15,1.13,0.01
2012-01-12,0.01394233534010475,0.0,1.02,0.29
2012-01-13,0.3830498452437842,0.0,0.924,0.45
2012-01-14,0.0,0.0,0.849,0.0
2012-01-15,0.0,0.0,0.799,0.0
2012-01-16,0.0,0.0,0.757,0.0
2012-01-17,0.0,0.0,0.717,0.0
2012-01-18,2.05393993050061,0.0,0.677,1.08
2012-01-19,12.761814100568113,0.0,2.46,10.88
2012-01-20,7.582804724860822,0.0,2.65,9.24
2012-01-21,2.2677425717749236,0.08,2.52,3.06
2012-01-22,0.0,0.41,1.53,0.02
2012-01-23,0.36127972853277274,0.06,1.2,0.91
2012-01-24,2.1670015119000365,0.0,1.07,1.97
2012-01-25,1.3971417303781932,0.07,1.16,1.31
2012-01-26,5.476304901840521,0.0,1.52,4.59
2012-01-27,0.047368316392970906,0.0,1.36,0.79
2012-01-28,4.447580256148449,0.0,1.74,4.71
2012-01-29,0.0,0.15,1.31,0.0
2012-01-30,0.0,0.1,1.12,0.01
2012-01-31,0.0,0.06,0.944,0.0
2012-02-01,0.0,1.08,0.784,0.01
2012-02-02,0.0,1.24,0.662,0.06
2012-02-03,2.249853072267521,0.24,0.628,1.97
2012-02-04,0.0,0.0,0.623,0.01
2012-02-05,0.0,0.69,0.608,0.15
2012-02-06,0.0,0.08,0.539,0.15
2012-02-07,0.0,0.47,0.549,0.01
2012-02-08,0.0,0.65,0.534,0.02
2012-02-09,0.0,0.05,0.511,0.05
2012-02-10,0.0,0.11,0.498,0.02
2012-02-11,0.0,0.25,0.503,0.02
2012-02-12,0.21773669412300034,0.13,0.479,0.24
2012-02-13,6.69123206142371,0.34,0.564,6.16
2012-02-14,3.123075108014495,0.38,1.3,2.1
2012-02-15,5.831628125912149,0.4,1.03,3.02
2012-02-16,2.3894766101202016,0.15,1.6,0.61
2012-02-17,1.643382272872191,0.48,1.2,0.65
2012-02-18,5.415656918756579,0.34,1.28,6.37
2012-02-19,0.933624265929166,0.42,2.17,1.07
2012-02-20,0.07382150198073589,0.61,1.08,0.09
2012-02-21,0.0,0.84,0.987,0.06
2012-02-22,0.0,1.03,0.87,0.43
2012-02-23,0.9046929246052663,0.28,0.859,0.08
2012-02-24,0.0,0.85,0.802,0.03
2012-02-25,0.00278846706802095,1.23,0.753,0.02
2012-02-26,0.0,0.23,0.677,0.0
2012-02-27,0.1532199380975137,0.27,0.657,0.05
2012-02-28,0.0,0.32,0.661,0.05
2012-02-29,0.0,0.4,0.634,0.01
2012-03-01,0.00836540120406285,0.21,0.623,0.03
2012-03-02,0.07382150198073589,0.26,0.623,0.03
2012-03-03,0.0,0.85,0.629,0.0
2012-03-04,6.2873916795883495,0.22,0.682,7.51
2012-03-05,19.90016184865872,0.0,4.95,17.3
2012-03-06,1.2911081907060586,0.04,3.12,0.3
2012-03-07,11.47268957107925,0.0,3.66,12.6
2012-03-08,0.0,0.67,3.27,0.0
2012-03-09,0.0,0.55,1.63,0.21
2012-03-10,0.0,0.82,1.3,0.02
2012-03-11,0.0,1.42,1.08,0.01
2012-03-12,0.0,1.34,0.94,0.0
2012-03-13,0.0,0.71,0.842,0.01
2012-03-14,0.0,1.57,0.795,0.05
2012-03-15,0.0,1.95,0.767,0.05
2012-03-16,0.0,1.29,0.703,0.02
2012-03-17,0.010224379249410151,0.98,0.696,0.7
2012-03-18,1.3042607310892813,0.75,0.715,1.89
2012-03-19,0.0,1.33,0.639,0.0
2012-03-20,0.0,1.27,0.591,0.13
2012-03-21,0.0,1.91,0.596,0.05
2012-03-22,0.0,2.72,0.579,0.02
2012-03-23,0.0,0.47,0.553,0.0
2012-03-24,0.0,1.08,0.537,0.05
2012-03-25,0.0,1.75,0.523,0.04
2012-03-26,0.0,3.14,0.523,0.01
2012-03-27,0.0,3.18,0.503,0.04
2012-03-28,0.0,2.31,0.489,0.03
2012-03-29,0.0,2.14,0.505,0.02
2012-03-30,0.0,0.43,0.557,0.02
2012-03-31,0.0,1.02,0.472,0.03
2012-04-01,0.0,1.5,0.467,0.01
2012-04-02,0.0,1.09,0.463,0.62
2012-04-03,0.14764300396147179,0.78,0.451,0.42
2012-04-04,0.37531953403686863,1.33,0.626,3.43
2012-04-05,0.0,0.85,0.485,0.17
2012-04-06,0.0037179560906946004,1.9,0.467,0.26
2012-04-07,2.140927084183179,1.42,0.496,1.89
2012-04-08,0.8629990125123286,1.51,0.454,0.96
2012-04-09,11.37040834420465,0.52,0.758,10.76
2012-04-10,7.905073582051507,0.44,1.37,10.43
2012-04-11,3.651457521011462,0.88,1.11,8.33
2012-04-12,3.7811782104821754,0.8,1.2,4.8
2012-04-13,0.0,0.68,0.859,0.14
2012-04-14,0.44292901188441536,2.14,0.664,0.0
2012-04-15,0.0,2.73,0.557,0.04
2012-04-16,0.0,2.09,0.423,0.27
2012-04-17,4.008448404034679,0.78,0.746,3.45
2012-04-18,4.541305753095866,1.15,0.904,6.19
2012-04-19,2.564750664665172,1.13,0.894,4.39
2012-04-20,4.111365353425215,1.01,0.806,3.68
2012-04-21,4.657838814188261,1.24,0.938,3.4
2012-04-22,2.439809166012718,1.67,0.721,2.71
2012-04-23,7.391296254209718,1.65,1.01,8.64
2012-04-24,0.5949916088974172,0.35,1.34,5.6
2012-04-25,1.8329694644749934,0.89,1.11,3.03
2012-04-26,3.5322077027724452,1.34,1.02,3.61
2012-04-27,0.0,1.75,0.839,0.3
2012-04-28,7.1976488816133966,0.21,1.38,8.15
2012-04-29,1.096725449168568,2.47,1.17,2.24
2012-04-30,5.477212155104328,2.86,0.859,13.79
2012-05-01,3.8434810990509467,2.57,3.45,4.48
2012-05-02,24.016237654092706,0.32,3.26,14.21
2012-05-03,0.0,0.66,3.6,0.03
2012-05-04,0.0,1.93,1.47,0.27
2012-05-05,1.0783747325202109,0.44,1.13,1.03
2012-05-06,0.22146450594220768,1.94,0.944,0.01
2012-05-07,0.0,2.65,0.771,0.03
2012-05-08,4.261562559982142,1.49,0.845,5.5
2012-05-09,3.5227670541097904,1.7,1.02,4.16
2012-05-10,0.9452998417280465,2.07,0.802,3.08
2012-05-11,0.0,1.19,0.671,1.06
2012-05-12,0.0,3.02,0.676,0.02
2012-05-13,0.0,2.34,0.568,0.01
2012-05-14,0.0037179560906946004,4.0,0.566,0.38
2012-05-15,2.6927862411544505,1.16,0.844,8.77
2012-05-16,1.164006803802536,3.31,0.676,1.08
2012-05-17,0.0,2.14,0.514,0.18
2012-05-18,0.17273920757366035,1.41,0.513,0.98
2012-05-19,0.007435912181389201,3.15,0.48,0.84
2012-05-20,0.007435912181389201,1.85,0.474,2.12
2012-05-21,0.0,1.99,0.465,0.02
2012-05-22,0.0,2.78,0.457,0.0
2012-05-23,0.0,2.65,0.441,0.03
2012-05-24,0.0,4.21,0.42,0.14
2012-05-25,0.0,6.71,0.418,0.04
2012-05-26,0.0,5.86,0.393,0.01
2012-05-27,0.0,4.94,0.389,0.01
2012-05-28,0.0,5.22,0.381,0.01
2012-05-29,0.0,3.26,0.359,0.02
2012-05-30,0.07382150198073589,3.03,0.346,0.02
2012-05-31,1.9893191041727174,1.98,0.35,1.28
2012-06-01,0.0,3.18,0.358,0.04
2012-06-02,0.6444823791609589,3.22,0.35,0.48
2012-06-03,19.245869560840866,0.19,1.13,2.03
2012-06-04,7.894390786648891,0.79,0.771,7.0
2012-06-05,0.0,3.29,0.462,0.42
2012-06-06,12.111782990649607,1.95,1.14,11.55
2012-06-07,6.708732858373473,1.8,0.666,1.08
2012-06-08,2.2752075965395027,3.51,0.675,2.51
2012-06-09,0.0,2.96,0.42,0.13
2012-06-10,1.3072671944906278,1.74,0.384,1.25
2012-06-11,6.510501420995594,1.9,0.661,7.33
2012-06-12,3.486204877880047,2.48,0.849,7.7
2012-06-13,0.15043147102949272,1.86,0.497,0.29
2012-06-14,0.0037179560906946004,3.9,0.429,0.38
2012-06-15,11.673417153991396,0.89,0.703,10.67
2012-06-16,0.8951529139955672,2.61,0.613,1.58
2012-06-17,0.0,1.72,0.418,0.01
2012-06-18,15.026883934130765,2.15,1.74,17.88
2012-06-19,0.0,0.84,0.579,0.04
2012-06-20,0.0,3.8,0.594,0.09
2012-06-21,7.361448088371686,1.18,0.673,7.5
2012-06-22,0.9680331716497838,3.26,0.582,1.1
2012-06-23,0.0,3.68,0.419,0.02
2012-06-24,7.932111766539658,0.95,0.651,4.66
2012-06-25,0.00278846706802095,2.91,0.632,0.22
2012-06-26,0.0,4.41,0.314,0.04
2012-06-27,0.0,2.38,0.447,0.19
2012-06-28,0.0,3.99,0.327,0.57
2012-06-29,0.15043147102949272,2.43,0.357,1.21
2012-06-30,2.946063325089488,2.11,0.441,5.61
2012-07-01,0.0,3.87,0.478,0.33
2012-07-02,0.0,3.22,0.346,0.02
2012-07-03,0.0,1.32,0.334,0.02
2012-07-04,5.250797841077767,3.69,0.54,14.12
2012-07-05,19.728903768445228,1.23,1.3,18.78
2012-07-06,14.530462559780831,2.4,2.65,10.03
2012-07-07,9.45329814361455,2.45,1.62,10.42
2012-07-08,5.628979167201199,1.85,1.66,7.78
2012-07-09,0.03439109383892505,1.57,0.778,0.31
2012-07-10,1.5656609857913883,1.16,0.584,1.56
2012-07-11,4.5052127247644504,2.5,0.632,7.26
2012-07-12,6.819791148264619,3.12,0.607,6.0
2012-07-13,5.069325051634657,1.47,1.09,5.79
2012-07-14,8.116387944986514,1.65,1.2,8.02
2012-07-15,7.999695826411902,0.67,1.52,8.89
2012-07-16,3.1163994236044497,0.72,0.99,3.42
2012-07-17,0.3822178263851017,2.12,0.855,0.53
2012-07-18,0.2297923838075524,2.92,0.634,0.44
2012-07-19,0.5072095050925358,3.19,0.565,2.64
2012-07-20,6.154775740717679,1.3,0.704,7.44
2012-07-21,0.0483334291790298,2.53,0.527,0.31
2012-07-22,0.02881415970288315,0.51,0.419,0.01
2012-07-23,0.015801313385452053,4.45,0.412,0.02
2012-07-24,0.010224379249410151,4.94,0.397,0.01
2012-07-25,0.010224379249410151,4.31,0.351,0.02
2012-07-26,0.08125741416212509,3.84,0.344,0.01
2012-07-27,2.9744631031580786,2.03,0.316,6.02
2012-07-28,1.2313364389161514,0.96,0.405,1.42
2012-07-29,0.3603502395100991,2.8,0.327,0.85
2012-07-30,0.3339326776857193,3.12,0.328,1.19
2012-07-31,0.03253211579357775,0.6,0.328,0.21
2012-08-01,0.958127425529568,2.6,0.326,2.77
2012-08-02,0.7099384799376319,2.43,0.314,0.23
2012-08-03,1.3210463251572495,2.08,0.32,3.51
2012-08-04,0.7368936615951678,2.55,0.352,1.88
2012-08-05,0.6683645504534601,2.37,0.299,1.83
2012-08-06,0.5177474512639296,1.72,0.303,1.58
2012-08-07,0.015801313385452053,1.73,0.303,1.13
2012-08-08,0.4977688642221607,0.7,0.297,0.72
2012-08-09,0.14764300396147179,3.27,0.324,0.06
2012-08-10,0.0,3.79,0.292,0.11
2012-08-11,0.0,3.64,0.292,0.01
2012-08-12,0.0,3.15,0.292,0.06
2012-08-13,0.8923644469275462,1.72,0.292,0.01
2012-08-14,0.2595411876985397,1.14,0.292,0.52
2012-08-15,0.0,2.47,0.292,0.52
2012-08-16,0.0,2.45,0.267,0.26
2012-08-17,0.0,3.35,0.27,0.19
2012-08-18,0.0,3.72,0.264,0.34
2012-08-19,0.0,2.44,0.264,0.4
2012-08-20,0.0,1.23,0.264,0.17
2012-08-21,0.0,2.06,0.264,0.08
2012-08-22,0.00278846706802095,2.2,0.264,0.02
2012-08-23,0.6751555169091893,1.82,0.264,5.46
2012-08-24,1.0144480416023216,1.84,0.264,2.83
2012-08-25,0.5278977819988199,1.04,0.264,1.33
2012-08-26,5.043960671634162,0.85,0.335,5.04
2012-08-27,0.08125741416212509,2.3,0.273,0.36
2012-08-28,0.1388857335678914,1.56,0.253,2.5
2012-08-29,0.42605661583516524,2.11,0.237,0.41
2012-08-30,8.146889482890291,1.18,0.244,6.5
2012-08-31,14.544095038391399,2.06,0.899,10.36
2012-09-01,0.013012846317431102,1.06,0.274,0.01
2012-09-02,0.0,1.75,0.264,0.01
2012-09-03,0.02881415970288315,1.77,0.264,0.01
2012-09-04,0.015801313385452053,1.02,0.256,0.03
2012-09-05,0.01208335729475745,1.88,0.254,0.03
2012-09-06,0.015801313385452053,0.53,0.237,0.0
2012-09-07,0.0241667145895149,1.41,0.237,0.47
2012-09-08,0.02881415970288315,1.25,0.237,0.04
2012-09-09,0.025096203612188554,1.98,0.237,0.1
2012-09-10,0.02323722556684125,0.95,0.244,0.26
2012-09-11,3.685378451185615,0.78,0.342,4.31
2012-09-12,0.6637855518791129,1.61,0.289,0.75
2012-09-13,6.778618042286061,2.0,0.488,4.78
2012-09-14,0.31015783228572197,0.86,0.263,0.56
2012-09-15,0.0167308024081257,1.41,0.236,0.0
2012-09-16,0.0055769341360419,0.49,0.237,0.01
2012-09-17,0.00278846706802095,0.36,0.237,0.02
2012-09-18,0.04368598406566155,1.34,0.237,0.47
2012-09-19,0.026025692634862204,1.0,0.237,0.0
2012-09-20,0.02137824752149395,0.84,0.237,0.02
2012-09-21,0.00836540120406285,0.43,0.237,0.05
2012-09-22,0.0427564950429879,1.41,0.228,0.3
2012-09-23,7.1986848840743765,0.4,0.237,11.66
2012-09-24,5.581498272999794,0.27,1.18,15.96
2012-09-25,4.194676419086009,0.81,0.682,7.13
2012-09-26,1.4091289735237245,0.6,0.326,2.12
2012-09-27,3.719015462789263,0.66,0.407,5.23
2012-09-28,0.0,0.93,0.314,0.01
2012-09-29,0.0427564950429879,0.77,0.27,0.18
2012-09-30,0.0167308024081257,0.97,0.264,0.02
2012-10-01,0.13437328195723244,0.94,0.264,0.67
2012-10-02,0.3274262545270038,0.7,0.259,2.41
2012-10-03,11.47019631549095,0.06,0.476,14.76
2012-10-04,13.447821211736619,0.77,1.4,14.95
2012-10-05,4.451159419585769,0.26,0.467,2.85
2012-10-06,5.597705572848571,0.02,0.627,6.97
2012-10-07,0.0278846706802095,0.7,0.395,0.0
2012-10-08,0.6886169236513134,0.53,0.314,1.25
2012-10-09,0.29417604590566265,0.47,0.323,0.13
2012-10-10,0.00278846706802095,0.5,0.297,0.01
2012-10-11,2.443753074589918,0.49,0.332,3.0
2012-10-12,1.1320170084051966,0.16,0.438,2.95
2012-10-13,10.417936967532853,0.0,0.847,0.01
2012-10-14,0.017660291430799353,0.3,0.523,0.19
2012-10-15,5.290475269177874,0.21,0.619,6.58
2012-10-16,1.4985000683685348,0.11,0.417,1.96
2012-10-17,8.034211253363106,0.05,0.559,9.49
2012-10-18,7.889703375060904,0.0,0.814,14.62
2012-10-19,0.23353800750845238,0.09,1.2,0.91
2012-10-20,0.6835696531952478,0.01,0.482,2.03
2012-10-21,0.06366366969501394,0.07,0.418,0.74
2012-10-22,0.009294890226736501,0.21,0.412,0.56
2012-10-23,0.0055769341360419,0.09,0.393,0.92
2012-10-24,0.007435912181389201,0.25,0.337,1.83
2012-10-25,2.0977491527651355,0.39,0.373,2.96
2012-10-26,5.736685066388007,0.18,0.592,9.22
2012-10-27,0.013012846317431102,0.22,0.44,0.27
2012-10-28,0.0223077365441676,0.42,0.392,0.0
2012-10-29,5.056336528379114,0.05,0.399,6.49
2012-10-30,3.8163782671744393,0.14,0.914,5.62
2012-10-31,0.07382150198073589,0.1,0.501,0.0
2012-11-01,4.191789303755673,0.0,0.569,3.9
2012-11-02,3.817669692556964,0.09,0.682,5.04
2012-11-03,4.730982093065353,0.0,0.896,5.52
2012-11-04,2.5057475514021363,0.0,0.776,3.17
2012-11-05,0.42130184482929306,0.0,,1.27
2012-11-06,0.8141129526061993,0.01,,1.15
2012-11-07,0.31387578837641655,0.13,0.485,0.36
2012-11-08,0.0,0.11,0.461,0.02
2012-11-09,0.358285020435272,0.01,0.444,1.15
2012-11-10,2.206802178199007,0.0,0.489,2.12
2012-11-11,0.00278846706802095,0.0,0.452,0.09
2012-11-12,0.0,0.24,0.414,0.13
2012-11-13,1.113805896864411,0.15,0.445,0.94
2012-11-14,0.0037179560906946004,0.0,0.43,0.07
2012-11-15,0.00278846706802095,0.09,0.431,0.11
2012-11-16,0.00278846706802095,0.12,0.405,0.47
2012-11-17,0.3579193738829751,0.15,0.399,1.65
2012-11-18,4.1779927190592066,0.0,0.583,4.44
2012-11-19,0.00278846706802095,0.24,0.474,0.0
2012-11-20,0.0,0.0,0.44,0.01
2012-11-21,1.0448446811649381,0.0,0.45,1.25
2012-11-22,0.0,0.0,0.468,0.0
2012-11-23,2.8883113128825095,0.0,0.552,4.77
2012-11-24,2.0680739505786,0.0,0.503,2.87
2012-11-25,0.09623656441740741,0.61,0.524,0.25
2012-11-26,0.5768391771253598,0.22,0.488,0.85
2012-11-27,0.1017061726609454,0.18,0.473,0.51
2012-11-28,0.7393052703676143,0.12,0.426,0.74
2012-11-29,0.5242819966351987,0.0,0.46,0.88
2012-11-30,0.0,0.13,0.424,0.01
2012-12-01,2.9680074036149113,0.11,0.412,2.19
2012-12-02,2.7526527510788195,0.0,0.844,5.13
2012-12-03,10.99294293464774,0.0,1.28,6.6
2012-12-04,6.003799059345978,0.0,1.29,4.97
2012-12-05,7.162501993691548,0.0,3.21,9.58
2012-12-06,0.5415364061454537,0.08,1.8,1.76
2012-12-07,5.172765341252661,0.04,2.68,7.56
2012-12-08,0.0,0.0,1.68,0.02
2012-12-09,0.4626985569089551,0.07,1.13,1.09
2012-12-10,3.9444954904795697,0.0,1.59,3.56
2012-12-11,0.0,0.0,1.09,0.07
2012-12-12,0.0,0.0,0.865,0.04
2012-12-13,0.00278846706802095,0.12,0.764,0.23
2012-12-14,13.61048894219577,0.0,1.87,11.88
2012-12-15,0.8586539225776665,0.0,3.02,1.15
2012-12-16,1.049199626828113,0.0,1.38,2.8
2012-12-17,1.6990915784491167,0.0,1.22,2.44
2012-12-18,1.9271698334425438,0.0,1.11,3.1
2012-12-19,0.0,0.0,0.949,0.01
2012-12-20,8.74786561189966,0.0,1.91,9.51
2012-12-21,0.22162526747978947,0.0,2.2,0.63
2012-12-22,19.114172988389694,0.0,4.64,17.95
2012-12-23,15.692478284000247,0.0,15.1,13.35
2012-12-24,3.1829002954494805,0.0,6.68,2.26
2012-12-25,12.573679095885415,0.0,6.68,14.32
2012-12-26,7.324951720025096,0.0,4.59,10.49
2012-12-27,8.1804502619259,0.0,5.64,8.72
2012-12-28,3.156978673117024,0.0,4.11,2.84
2012-12-29,1.20956632220514,0.04,2.73,1.26
2012-12-30,4.3827001999560675,0.0,2.58,4.95
2012-12-31,6.314583124063251,0.25,2.09,7.32
2013-01-01,5.197289835199514,0.0,5.42,6.4
2013-01-02,0.4931214191087925,0.05,2.08,1.07
2013-01-03,0.2980744749909645,0.08,1.58,0.19
2013-01-04,0.46151879233788834,0.0,1.47,0.0
2013-01-05,0.3194527225124585,0.0,1.23,0.0
2013-01-06,0.0,0.02,1.13,0.01
2013-01-07,0.0,0.06,1.03,0.0
2013-01-08,0.0,0.15,0.917,0.0
2013-01-09,3.040850681490978,0.02,0.996,2.16
2013-01-10,0.0,0.0,0.981,0.02
2013-01-11,2.472103662974165,0.01,0.913,0.81
2013-01-12,2.156947295314373,0.01,0.938,1.38
2013-01-13,0.4034986037426045,0.0,0.813,0.99
2013-01-14,6.919157965635084,0.0,0.767,5.97
2013-01-15,0.6389851033072155,0.0,0.783,0.5
2013-01-16,0.0055769341360419,0.0,0.71,0.02
2013-01-17,0.0,0.05,0.638,0.01
2013-01-18,0.0,0.15,,0.14
2013-01-19,1.5053852493981572,0.37,,1.01
2013-01-20,6.238577410769559,0.26,,4.28
2013-01-21,1.7712885545847585,0.02,,0.42
2013-01-22,0.0,0.0,0.686,0.01
2013-01-23,0.0,0.03,0.645,0.01
2013-01-24,0.0,0.0,0.596,0.05
2013-01-25,0.0,0.1,0.571,0.0
2013-01-26,1.287975233515751,0.0,0.598,1.9
2013-01-27,8.885603047657357,0.04,5.08,7.97
2013-01-28,2.8933604829139083,0.0,3.16,2.21
2013-01-29,29.21614636265287,0.0,12.6,23.27
2013-01-30,6.585162354427624,0.0,9.17,5.7
2013-01-31,1.5703669327570449,0.16,3.43,2.92
2013-02-01,9.900934733146325,0.0,4.43,11.23
2013-02-02,1.4073266867135525,0.47,3.37,2.9
2013-02-03,2.464783487440808,0.11,2.16,1.69
2013-02-04,1.0734235762133715,0.04,1.89,1.0
2013-02-05,4.0537772693876954,0.14,2.0,4.29
2013-02-06,6.272862989333092,0.49,3.01,6.95
2013-02-07,12.89587435137165,0.21,5.09,10.39
2013-02-08,0.43942055241329814,0.22,2.86,0.95
2013-02-09,0.07382150198073589,0.29,1.73,0.14
2013-02-10,0.27072742414391116,0.52,1.45,0.43
2013-02-11,3.065964696984859,0.17,1.34,2.14
2013-02-12,0.07382150198073589,0.36,1.14,0.01
2013-02-13,0.0,0.17,0.984,0.0
2013-02-14,2.388448205960552,0.45,1.07,4.28
2013-02-15,0.6367895912927614,0.29,1.31,0.67
2013-02-16,1.8125226055515062,0.07,1.15,0.81
2013-02-17,0.29528600792294357,0.16,1.06,0.0
2013-02-18,0.07382150198073589,0.4,0.984,0.0
2013-02-19,0.0,0.41,0.886,0.05
2013-02-20,0.0,0.89,0.822,0.03
2013-02-21,0.0,0.2,0.764,0.08
2013-02-22,0.0,0.75,0.728,0.11
2013-02-23,0.0,0.83,0.686,0.1
2013-02-24,3.7460797809564164,0.33,0.712,3.47
2013-02-25,2.496368302330019,0.26,0.806,2.06
2013-02-26,0.07382150198073589,0.31,0.867,0.11
2013-02-27,0.07382150198073589,0.12,0.761,0.05
2013-02-28,0.0,0.11,0.74,0.02
2013-03-01,0.09408183133176903,0.29,0.703,0.0
2013-03-02,0.0,0.29,0.667,0.01
2013-03-03,0.0,0.62,0.663,0.0
2013-03-04,0.0,0.77,0.652,0.48
2013-03-05,0.0,1.12,0.638,0.03
2013-03-06,0.0,0.88,0.616,0.31
2013-03-07,0.9477419190984478,0.05,0.615,1.72
2013-03-08,9.148148067893652,0.13,0.813,8.06
2013-03-09,12.739122799028207,0.04,5.91,12.85
2013-03-10,4.559710083305742,0.33,,3.69
2013-03-11,2.4159523081527414,0.88,,2.02
2013-03-12,7.435467956394662,0.92,,3.35
2013-03-13,0.942164984962406,0.32,1.04,0.03
2013-03-14,0.23540684128231243,0.57,1.19,0.67
2013-03-15,0.23912479737300704,0.92,1.18,0.89
2013-03-16,0.0,2.49,1.29,0.74
2013-03-17,2.582590073075814,0.78,1.09,3.06
2013-03-18,0.8715238192392085,0.36,1.01,1.5
2013-03-19,0.6370464669795697,0.6,0.8,0.42
2013-03-20,4.761263450582285,0.24,1.33,7.31
2013-03-21,0.0,0.69,0.842,0.02
2013-03-22,0.0,1.81,0.697,0.16
2013-03-23,3.3296950026017815,0.69,0.633,4.25
2013-03-24,0.4406781646495505,1.44,0.677,0.0
2013-03-25,0.0,1.92,0.757,0.05
2013-03-26,0.0,2.13,0.502,0.06
2013-03-27,0.0,1.96,0.407,0.24
2013-03-28,0.15600840516553463,1.59,0.814,0.39
2013-03-29,0.006506423158715551,0.93,0.734,0.09
2013-03-30,0.0,0.84,0.71,0.03
2013-03-31,0.0,0.75,0.657,0.03
2013-04-01,0.0,3.16,0.669,0.04
2013-04-02,0.0,3.32,0.624,0.03
2013-04-03,0.0,2.29,0.6,0.49
2013-04-04,0.0,2.96,0.589,0.23
2013-04-05,0.0,1.49,0.582,0.32
2013-04-06,0.0,1.69,0.558,0.01
2013-04-07,0.0,1.93,0.543,0.01
2013-04-08,0.0,1.44,0.576,0.03
2013-04-09,8.295065291767811,0.37,0.803,9.62
2013-04-10,4.59738079418331,0.44,0.9,5.32
2013-04-11,3.8089733671515735,1.07,1.26,3.74
2013-04-12,1.9119516193821458,2.23,0.907,4.43
2013-04-13,0.9330716352020668,1.6,0.731,1.28
2013-04-14,0.0,3.97,0.692,0.18
2013-04-15,2.3669705886997336,1.36,0.708,4.23
2013-04-16,0.5841808747328554,0.98,0.628,0.47
2013-04-17,0.08776383732084064,3.08,0.6,0.28
2013-04-18,0.0,4.03,0.575,0.0
2013-04-19,1.2305381442455212,0.89,0.537,1.46
2013-04-20,0.0,3.76,0.53,0.02
2013-04-21,0.0,2.48,0.507,0.01
2013-04-22,0.0,2.08,0.519,0.02
2013-04-23,0.040520658702066274,1.74,0.493,0.02
2013-04-24,0.0,3.51,0.488,0.03
2013-04-25,0.0,3.79,0.472,0.02
2013-04-26,1.796954657245171,0.13,0.523,3.43
2013-04-27,0.0,2.52,0.505,0.0
2013-04-28,0.0,2.7,0.442,0.0
2013-04-29,0.31437308388310514,1.99,0.467,1.43
2013-04-30,0.0,3.67,0.428,0.02
2013-05-01,0.9025789704484438,4.56,0.412,0.61
2013-05-02,5.872939757669423,1.81,0.683,7.34
2013-05-03,0.0,3.42,0.475,0.01
2013-05-04,0.0,2.08,0.451,0.07
2013-05-05,0.0,3.38,0.41,0.0
2013-05-06,0.0,3.41,0.428,0.0
2013-05-07,2.3173941035760466,2.64,0.45,7.07
2013-05-08,9.49356699081805,1.16,0.927,9.53
2013-05-09,0.31015783228572197,3.28,0.696,0.46
2013-05-10,0.16530329539227115,2.12,0.49,0.15
2013-05-11,4.138013568299182,1.42,0.533,4.68
2013-05-12,3.0418449068602276,1.55,0.553,4.4
2013-05-13,1.9961147711915286,1.81,0.63,2.32
2013-05-14,1.1312581366486176,1.28,0.511,2.49
2013-05-15,1.1654884689499607,2.97,0.555,1.13
2013-05-16,4.780245100225276,0.62,0.652,6.26
2013-05-17,2.7376558779000644,0.42,0.662,5.11
2013-05-18,0.00278846706802095,1.32,0.544,0.01
2013-05-19,0.0,3.02,0.462,0.05
2013-05-20,4.306788701236268,0.2,,5.45
2013-05-21,13.523411454255916,0.2,,13.38
2013-05-22,2.1173809922574365,2.19,0.825,1.99
2013-05-23,3.9715730978817727,2.23,1.02,6.53
2013-05-24,3.7608630816790196,0.8,0.839,4.3
2013-05-25,0.0,3.31,0.695,0.05
2013-05-26,4.39161832084545,2.98,0.779,4.82
2013-05-27,0.0,4.14,0.571,0.0
2013-05-28,10.24426880670481,2.34,0.571,13.03
2013-05-29,4.078918140037586,0.48,1.36,3.51
2013-05-30,7.6,3.365568181818182,1.22,4.89
2013-05-31,0.0,3.2831082887700536,0.928,0.03
2013-06-01,0.0,2.72,0.703,0.0
2013-06-02,0.0,4.2,0.549,0.0
2013-06-03,0.0,2.94,0.513,0.02
2013-06-04,0.0,3.13,0.484,0.0
2013-06-05,0.0,4.31,0.452,0.01
2013-06-06,0.0,5.14,0.457,0.01
2013-06-07,0.0,5.28,0.379,0.01
2013-06-08,0.0,5.16,0.362,0.01
2013-06-09,0.0,4.53,0.406,0.02
2013-06-10,0.0,2.16,0.335,0.04
2013-06-11,0.0,2.41,0.327,0.01
2013-06-12,0.15972636125622924,1.55,0.362,0.52
2013-06-13,2.0991647255512205,1.46,0.352,2.63
2013-06-14,0.0,3.32,0.342,0.01
2013-06-15,1.025202173489928,4.6,0.329,0.37
2013-06-16,0.0,2.08,0.329,0.79
2013-06-17,0.9246396870343159,2.42,0.321,1.93
2013-06-18,0.0,2.87,0.282,0.18
2013-06-19,2.5406261739774574,1.66,0.204,8.32
2013-06-20,3.2098182304542062,2.59,0.368,7.01
2013-06-21,16.4216066431439,1.02,1.31,15.08
2013-06-22,1.7847349504329397,0.85,0.437,1.83
2013-06-23,1.6960837590330056,2.32,0.421,1.53
2013-06-24,0.09121696157154713,1.21,0.372,0.28
2013-06-25,0.00836540120406285,3.32,0.339,0.11
2013-06-26,4.669063929987115,3.08,0.318,4.59
2013-06-27,0.5681859770341856,2.95,0.546,1.31
2013-06-28,8.590577259969539,0.56,0.366,6.11
2013-06-29,7.490041897563563,1.36,1.12,5.82
2013-06-30,0.0,3.49,0.403,0.01
2013-07-01,0.0,2.1,0.36,0.17
2013-07-02,2.3210032888012524,2.77,0.325,3.25
2013-07-03,12.058012776002672,0.83,1.11,11.31
2013-07-04,0.0,1.73,0.454,0.0
2013-07-05,0.07660996904875685,1.83,0.375,0.03
2013-07-06,0.0,4.44,0.368,0.05
2013-07-07,0.0,6.02,0.171,0.04
2013-07-08,0.0,5.55,0.269,0.02
2013-07-09,0.0,5.73,0.355,0.01
2013-07-10,0.0,4.44,0.112,0.01
2013-07-11,0.0,4.93,0.198,0.0
2013-07-12,0.0,2.31,0.191,0.0
2013-07-13,0.07382150198073589,4.24,0.223,0.0
2013-07-14,0.07382150198073589,3.82,0.246,0.03
2013-07-15,0.00278846706802095,4.61,0.12,0.0
2013-07-16,0.07382150198073589,4.29,0.216,0.0
2013-07-17,0.0,3.64,0.218,0.0
2013-07-18,0.0,4.58,0.208,0.01
2013-07-19,0.0,6.56,0.233,0.0
2013-07-20,0.00278846706802095,3.18,0.236,0.0
2013-07-21,0.009294890226736501,5.24,0.227,0.18
2013-07-22,0.01208335729475745,5.2,0.232,0.08
2013-07-23,0.010224379249410151,3.6,0.286,0.98
2013-07-24,7.995728699497478,3.78,0.505,5.67
2013-07-25,0.193573235123583,4.3,0.216,0.33
2013-07-26,14.724711762599844,2.18,0.384,9.64
2013-07-27,37.88561118172698,2.44,2.09,43.23
2013-07-28,0.07382150198073589,3.72,2.31,0.0
2013-07-29,1.190192803372632,3.1,0.397,2.62
2013-07-30,3.2054677976264254,1.02,0.428,4.42
2013-07-31,0.08125741416212509,2.47,0.535,0.14
2013-08-01,0.0,5.64,0.253,0.01
2013-08-02,0.0,4.55,0.223,0.35
2013-08-03,0.07382150198073589,3.83,0.194,0.01
2013-08-04,0.326035548363375,4.03,0.17,0.48
2013-08-05,0.0167308024081257,4.15,0.163,0.23
2013-08-06,0.07382150198073589,2.37,0.198,0.03
2013-08-07,13.361726120488505,0.11,0.613,14.35
2013-08-08,0.36910750990367946,3.91,0.294,0.11
2013-08-09,1.9445765937348525,2.28,0.237,2.63
2013-08-10,0.14764300396147179,2.4,0.212,0.04
2013-08-11,1.8005302072405447,2.49,0.164,0.14
2013-08-12,0.07382150198073589,2.06,0.177,0.09
2013-08-13,0.0,2.88,0.175,0.18
2013-08-14,0.0,2.7,0.159,0.0
2013-08-15,0.5454784151473206,1.8,0.149,0.76
2013-08-16,0.08404588123014604,2.24,0.159,0.45
2013-08-17,0.0,2.76,0.149,0.39
2013-08-18,3.944840069560076,2.83,0.23,2.61
2013-08-19,1.0240434763906512,2.88,0.172,1.23
2013-08-20,0.07382150198073589,2.41,0.141,0.0
2013-08-21,0.0,3.61,0.139,0.03
2013-08-22,1.0709209194989087,0.76,0.145,2.46
2013-08-23,0.14764300396147179,3.7,0.156,0.48
2013-08-24,8.1300048671236,0.44,0.336,8.05
2013-08-25,1.3161622593746667,1.95,0.238,0.29
2013-08-26,0.3944329215924709,3.77,0.161,0.06
2013-08-27,0.3611320783138013,2.43,0.192,0.01
2013-08-28,0.6142090667554259,1.73,0.046,0.17
2013-08-29,0.36910750990367946,2.56,0.13,0.09
2013-08-30,0.22146450594220768,1.93,0.142,0.0
2013-08-31,0.5167505138651513,1.96,0.131,0.15
2013-09-01,0.09408183133176903,1.91,0.118,0.09
2013-09-02,0.44292901188441536,2.67,0.115,0.02
2013-09-03,0.5167505138651513,2.69,0.118,0.01
2013-09-04,0.22146450594220768,2.87,0.115,0.01
2013-09-05,0.07382150198073589,3.76,0.103,0.02
2013-09-06,6.615168755482427,1.12,0.237,6.31
2013-09-07,0.36910750990367946,2.25,0.174,0.17
2013-09-08,8.177829059783376,1.31,0.187,1.38
2013-09-09,3.7628743293404807,0.97,0.363,3.89
2013-09-10,9.793729839658651,0.9,0.729,12.6
2013-09-11,16.669376229852553,0.5,1.36,18.19
2013-09-12,0.020260329351033137,0.93,0.57,0.02
2013-09-13,2.2332652195152844,0.36,0.257,2.12
2013-09-14,21.00828022990449,0.21,1.57,16.66
2013-09-15,4.792357846789132,1.57,0.58,5.42
2013-09-16,0.471686391393903,1.95,0.602,2.02
2013-09-17,11.611035874196872,0.72,0.552,9.09
2013-09-18,2.9729834265442068,1.33,0.998,2.84
2013-09-19,1.1240368762522364,0.9,0.406,1.61
2013-09-20,0.07382150198073589,0.75,0.374,0.04
2013-09-21,0.0,1.33,0.282,0.03
2013-09-22,0.07382150198073589,0.66,0.25,0.03
2013-09-23,0.0,0.97,0.267,0.01
2013-09-24,0.14764300396147179,1.38,0.253,0.0
2013-09-25,0.07382150198073589,1.17,0.25,0.23
2013-09-26,0.4959098861768134,1.26,0.24,0.53
2013-09-27,0.0,1.29,0.218,0.03
2013-09-28,0.0,1.73,0.225,3.46
2013-09-29,0.07382150198073589,1.36,0.213,0.0
2013-09-30,0.0,1.25,0.223,0.02
2013-10-01,0.0,1.15,0.218,0.06
2013-10-02,0.07382150198073589,1.02,0.177,0.13
2013-10-03,0.24470173150904892,0.95,0.214,1.24
2013-10-04,0.3071532684597085,0.31,0.184,0.28
2013-10-05,0.07382150198073589,0.7,0.198,0.03
2013-10-06,0.0,0.51,0.207,0.01
2013-10-07,0.0,0.59,0.208,0.0
2013-10-08,0.07382150198073589,0.78,0.214,0.01
2013-10-09,3.1201468579224625,0.62,0.273,3.14
2013-10-10,27.23898663925739,0.19,0.795,28.88
2013-10-11,3.07370947552515,0.17,0.834,4.1
2013-10-12,0.10455323053947468,0.46,0.411,0.58
2013-10-13,27.321508718377565,0.0,2.52,34.06
2013-10-14,12.757208513712415,0.0,1.98,13.1
2013-10-15,2.4578054478520563,0.48,1.95,4.19
2013-10-16,2.185963450086002,0.04,0.824,2.09
2013-10-17,3.2459096182926697,0.13,1.28,7.78
2013-10-18,0.07382150198073589,0.31,0.794,0.0
2013-10-19,0.09155819610373621,0.03,0.612,0.72
2013-10-20,0.8639804922070953,0.11,0.526,4.55
2013-10-21,0.49246987324471725,0.18,0.484,1.05
2013-10-22,0.5030631546365218,0.29,0.454,1.4
2013-10-23,5.407373075410147,0.04,0.641,4.24
2013-10-24,0.14764300396147179,0.14,0.498,0.02
2013-10-25,0.3213881032500067,0.29,0.432,1.42
2013-10-26,0.0,0.19,0.4,0.04
2013-10-27,4.1358595587095195,0.74,0.749,5.79
2013-10-28,11.061428465872881,0.91,1.19,9.5
2013-10-29,0.6367295555092684,0.21,0.86,1.59
2013-10-30,0.0,0.03,0.558,0.0
2013-10-31,0.16545935636677064,0.48,0.497,0.23
2013-11-01,5.717777473051816,0.41,0.468,5.65
2013-11-02,12.704286410165935,0.06,2.79,17.29
2013-11-03,7.695622630850272,0.0,1.62,2.24
2013-11-04,11.830061469400556,0.05,4.28,13.14
2013-11-05,12.594445220456885,0.0,3.22,12.78
2013-11-06,5.941465158618684,0.01,2.95,5.8
2013-11-07,19.12902194245585,0.0,5.34,15.0
2013-11-08,17.90859388780366,0.01,8.28,15.4
2013-11-09,1.2666326097576421,0.06,6.03,1.46
2013-11-10,9.069512132559959,0.01,2.85,9.28
2013-11-11,0.0,0.62,2.0,0.16
2013-11-12,2.1727003282201776,0.07,1.52,1.04
2013-11-13,0.0,0.0,1.32,0.0
2013-11-14,11.159539742725556,0.09,2.34,14.04
2013-11-15,0.07382150198073589,0.02,2.46,0.04
2013-11-16,0.07382150198073589,0.26,1.41,0.01
2013-11-17,0.0,0.13,1.21,0.01
2013-11-18,0.0,0.21,1.09,0.05
2013-11-19,3.730703248494337,0.21,1.22,3.08
2013-11-20,10.577125076437138,0.0,2.14,12.51
2013-11-21,2.4361095653642844,0.22,3.18,0.12
2013-11-22,0.0,0.43,1.66,0.01
2013-11-23,0.0,0.35,1.26,0.01
2013-11-24,0.12060156388322224,0.27,1.06,0.22
2013-11-25,0.1864068553452642,0.06,0.96,0.74
2013-11-26,0.1668974415976303,0.06,,1.05
2013-11-27,0.0,0.09,,0.21
2013-11-28,0.9941859016341755,0.03,,0.08
2013-11-29,1.060696629207719,0.08,,1.3
2013-11-30,5.0238194234794795,0.05,1.29,4.41
2013-12-01,0.08505177294502066,0.14,0.99,0.07
2013-12-02,0.0,0.15,0.884,0.01
2013-12-03,0.0,0.07,0.827,0.01
2013-12-04,2.0881069714283624,0.04,0.823,0.87
2013-12-05,1.102203468167634,0.45,0.896,2.7
2013-12-06,0.01384812076621117,0.64,0.868,0.21
2013-12-07,0.1256666462209805,0.11,0.764,0.85
2013-12-08,0.0,0.0,0.74,0.1
2013-12-09,1.3923745559651277,0.0,0.701,0.0
2013-12-10,0.0,0.0,0.655,0.06
2013-12-11,0.0,0.0,0.654,1.48
2013-12-12,0.0,0.0,0.648,0.35
2013-12-13,0.10700046307530656,0.17,0.648,0.4
2013-12-14,3.7364713238076956,0.0,0.927,4.04
2013-12-15,1.270768203072727,0.54,0.787,1.63
2013-12-16,0.0,0.67,0.717,0.0
2013-12-17,0.0,0.17,0.665,0.02
2013-12-18,0.00844180389626381,0.04,0.655,0.0
2013-12-19,6.393932281537465,0.0,1.28,5.46
2013-12-20,0.3881181831716401,0.0,0.82,0.45
2013-12-21,2.192138494441041,0.62,0.767,4.13
2013-12-22,14.76136309498855,0.0,2.05,8.03
2013-12-23,2.2978616338230697,0.08,2.13,3.46
2013-12-24,16.870632762759953,0.04,4.81,19.74
2013-12-25,5.998417154496138,0.0,5.76,6.07
2013-12-26,0.0,0.0,2.16,0.01
2013-12-27,9.567411825490034,0.0,2.03,6.55
2013-12-28,10.589691261905209,0.0,7.73,12.5
2013-12-29,0.6821203562211107,0.0,2.39,0.75
2013-12-30,0.7752351751914879,0.0,1.63,1.21
2013-12-31,3.5076552645294794,0.29,1.51,5.06
2014-01-01,4.027074262853886,0.08,1.71,5.1
2014-01-02,1.6156601743466759,0.0,2.37,2.4
2014-01-03,5.702419930569755,0.02,2.49,8.36
2014-01-04,1.0696825641173338,0.07,1.88,1.56
2014-01-05,0.0,0.09,1.48,0.06
2014-01-06,3.9691028093405976,0.2,1.45,4.98
2014-01-07,0.0,0.26,1.59,0.0
2014-01-08,1.594471800945954,0.0,1.38,2.2
2014-01-09,1.8583403556556832,0.14,1.34,2.96
2014-01-10,0.0,0.0,1.16,0.0
2014-01-11,0.48918736626010534,0.0,1.04,0.55
2014-01-12,0.07382150198073589,0.14,0.968,0.28
2014-01-13,0.10844180389626382,0.0,0.975,0.18
2014-01-14,10.40579221843984,0.0,2.11,9.94
2014-01-15,4.335826378082036,0.0,1.99,3.53
2014-01-16,6.862677489437166,0.0,2.82,6.6
2014-01-17,11.586205858439435,0.0,3.99,11.8
2014-01-18,0.0,0.11,3.49,0.04
2014-01-19,0.011818525454769333,0.21,1.77,0.3
2014-01-20,7.191872306586289,0.01,2.19,7.21
2014-01-21,0.0,0.13,1.85,0.0
2014-01-22,0.13026861184245075,0.55,1.46,0.47
2014-01-23,6.567936156088142,0.02,1.78,7.82
2014-01-24,0.15887327492575654,0.0,1.98,0.1
2014-01-25,2.506501722595633,0.43,1.54,3.69
2014-01-26,8.428356287110246,-0.0,2.71,8.37
2014-01-27,3.1054404956603485,0.0,2.9,3.44
2014-01-28,1.241997623286409,0.0,2.05,1.79
2014-01-29,0.3538438163513835,0.82,1.74,0.78
2014-01-30,1.0355596466667145,0.0,1.26,1.0
2014-01-31,1.2409968867369647,0.32,1.26,2.53
2014-02-01,9.584786941105033,0.19,4.04,10.8
2014-02-02,0.0,0.07,1.8,0.0
2014-02-03,0.0,0.16,1.53,0.0
2014-02-04,0.0,0.62,1.16,0.0
2014-02-05,2.573337317792658,0.98,1.34,2.3
2014-02-06,9.898555403588947,0.03,2.38,9.84
2014-02-07,7.408708989913934,0.06,4.48,5.21
2014-02-08,5.753706021860926,0.33,4.16,4.98
2014-02-09,1.2030144195545265,0.76,2.17,1.54
2014-02-10,1.031757331730639,0.24,1.7,0.82
2014-02-11,4.798562003727361,0.21,1.75,4.86
2014-02-12,5.640262427000494,0.69,2.21,5.87
2014-02-13,4.466112801806179,0.0,3.28,3.68
2014-02-14,6.58873410527233,0.16,3.15,4.04
2014-02-15,0.4006679127727832,1.89,2.49,0.27
2014-02-16,0.5689953944898732,0.37,1.79,0.2
2014-02-17,0.2251824620329023,0.33,1.43,0.01
2014-02-18,0.08674013372427342,0.33,1.31,0.6
2014-02-19,0.07382150198073589,0.41,1.17,0.14
2014-02-20,7.064781953509605,0.0,1.52,6.76
2014-02-21,1.158708714237509,0.38,1.83,2.22
2014-02-22,0.028702133247296948,0.7,1.33,0.13
2014-02-23,0.0,0.73,1.16,0.0
2014-02-24,0.0,1.08,1.08,0.01
2014-02-25,2.190755200870024,0.72,1.06,2.46
2014-02-26,0.05233918415683561,0.3,1.01,0.04
2014-02-27,3.846741182549004,0.0,1.17,3.47
2014-02-28,6.970354364999004,0.7740340909090908,1.9,6.72
2014-03-01,2.0717886510791965,0.06,1.79,1.21
2014-03-02,0.07382150198073589,1.21,1.4,0.0
2014-03-03,7.758300120287435,1.07,1.74,6.86
2014-03-04,0.7781830477823258,0.28,1.74,0.49
2014-03-05,0.0,1.01,1.24,0.02
2014-03-06,0.0,1.36,1.13,0.01
2014-03-07,0.0,0.94,1.04,0.0
2014-03-08,0.0,1.73,0.972,0.03
2014-03-09,0.0,1.83,0.91,0.03
2014-03-10,0.0,1.72,0.866,0.03
2014-03-11,0.0,0.82,0.799,0.01
2014-03-12,0.0,1.21,0.78,0.01
2014-03-13,0.0,1.32,0.755,0.0
2014-03-14,0.0,1.18,0.745,0.01
2014-03-15,0.0,1.16,0.731,0.03
2014-03-16,0.0,1.56,0.711,0.02
2014-03-17,0.0,0.94,0.684,0.05
2014-03-18,0.0,1.16,0.682,0.29
2014-03-19,0.0,1.7,0.646,0.01
2014-03-20,0.004647445113368251,2.98,0.672,0.15
2014-03-21,12.531829488462108,1.1,1.37,9.89
2014-03-22,2.15247282164478,1.06,0.949,2.37
2014-03-23,1.522716061600613,1.29,0.809,2.54
2014-03-24,1.632728501094545,1.46,0.79,1.45
2014-03-25,0.0,2.11,0.696,0.18
2014-03-26,0.021948690130285903,1.23,0.665,0.3
2014-03-27,0.23700098748767162,1.8,0.663,0.99
2014-03-28,0.023637050909538666,1.61,0.672,1.8
2014-03-29,0.0,2.62,0.622,0.01
2014-03-30,0.0,1.61,0.597,0.05
2014-03-31,0.0,1.84,0.606,0.09
2014-04-01,0.0,2.15,0.587,0.17
2014-04-02,0.0,1.99,0.584,0.07
2014-04-03,0.0,1.84,0.575,0.07
2014-04-04,0.0,0.5,0.533,0.02
2014-04-05,0.0,2.54,0.548,0.01
2014-04-06,0.321332768029596,1.0,0.537,0.56
2014-04-07,6.008851484967474,2.24,0.707,6.33
2014-04-08,0.6191878906724704,1.66,0.707,1.42
2014-04-09,0.0,1.92,0.566,0.01
2014-04-10,0.0,1.98,0.538,0.0
2014-04-11,0.0,2.74,0.533,0.0
2014-04-12,0.0,1.84,0.565,0.35
2014-04-13,0.0,2.25,0.55,0.01
2014-04-14,0.0,2.21,0.538,0.04
2014-04-15,0.0,2.73,0.531,0.03
2014-04-16,0.0,2.69,0.506,0.02
2014-04-17,0.40458089814968007,3.04,0.537,0.43
2014-04-18,0.9183657275423007,2.8,0.565,0.67
2014-04-19,0.0,3.33,0.53,0.01
2014-04-20,0.0,1.88,0.523,0.2
2014-04-21,1.0587237251314523,2.7,0.544,2.2
2014-04-22,2.930143019465907,2.39,0.506,3.32
2014-04-23,0.07382150198073589,2.46,0.582,0.02
2014-04-24,0.6646597056813759,2.15,0.532,2.04
2014-04-25,4.031460220675584,2.33,0.676,6.09
2014-04-26,0.010224379249410151,1.23,0.475,0.3
2014-04-27,0.06386991072449374,2.08,0.466,0.19
2014-04-28,0.05298087429239805,1.97,0.427,0.35
2014-04-29,0.3763938722907643,1.49,0.456,1.54
2014-04-30,0.0,2.92,0.431,0.04
2014-05-01,6.276631402164675,1.35,0.945,9.41
2014-05-02,0.0,1.87,0.548,0.01
2014-05-03,0.0,3.1,0.43,0.03
2014-05-04,0.0,2.72,0.38,0.04
2014-05-05,0.0,3.88,0.435,0.0
2014-05-06,4.197787130706202,1.9,0.4,5.77
2014-05-07,1.6723183147591727,2.15,0.509,1.67
2014-05-08,6.258593975752393,0.34,0.482,5.92
2014-05-09,0.5361511567472965,2.68,0.492,1.18
2014-05-10,13.62113131652142,1.07,1.14,12.08
2014-05-11,0.409481874401539,2.21,0.6,1.22
2014-05-12,5.27972059171073,2.0,0.535,4.12
2014-05-13,8.918739784850127,1.4,0.949,9.64
2014-05-14,0.5515526447900512,3.15,0.587,2.57
2014-05-15,0.0,4.13,0.452,0.05
2014-05-16,0.0,4.6,0.391,0.14
2014-05-17,0.0,4.41,0.356,0.02
2014-05-18,0.0,3.98,0.354,0.05
2014-05-19,0.0,5.01,0.329,0.01
2014-05-20,14.551174869497503,3.56,0.402,12.29
2014-05-21,1.111571505496474,1.01,0.949,1.6
2014-05-22,0.24377224248637527,3.2,0.391,0.8
2014-05-23,0.26268544559034473,1.93,0.346,0.96
2014-05-24,3.97476419128024,2.87,0.377,3.2
2014-05-25,0.0,3.7,0.367,0.01
2014-05-26,0.020013309392737644,1.07,0.318,0.35
2014-05-27,1.1212371974409376,0.42,0.332,0.3
2014-05-28,0.2512845573599654,0.47,0.369,0.05
2014-05-29,0.0,1.51,0.314,0.01
2014-05-30,0.0,3.26,0.325,0.01
2014-05-31,0.0,3.37,0.284,0.0
2014-06-01,0.0,2.58,0.294,0.03
2014-06-02,0.0,3.43,0.287,0.02
2014-06-03,1.0696971204089287,1.36,0.314,1.43
2014-06-04,16.879700621171324,0.91,0.924,13.21
2014-06-05,1.0451033674688595,3.21,0.592,1.69
2014-06-06,0.0,5.63,0.314,0.05
2014-06-07,0.0,3.48,0.292,0.12
2014-06-08,1.2213881032500067,4.46,0.309,2.44
2014-06-09,3.286036597188106,1.55,0.332,8.48
2014-06-10,16.184912711398017,1.57,1.17,20.16
2014-06-11,0.0,4.86,0.437,0.02
2014-06-12,0.0,5.14,0.3,0.02
2014-06-13,0.0,4.98,0.281,0.01
2014-06-14,0.08497537025281969,4.2,0.256,0.19
2014-06-15,0.0,3.46,0.251,0.01
2014-06-16,0.15043147102949272,1.75,0.246,0.12
2014-06-17,0.0,2.38,0.247,0.01
2014-06-18,0.0,2.38,0.243,0.02
2014-06-19,0.0,3.29,0.24,0.09
2014-06-20,0.0,3.38,0.225,0.07
2014-06-21,0.0,4.49,0.233,0.01
2014-06-22,0.0,5.43,0.22,0.01
2014-06-23,0.0,5.95,0.226,0.02
2014-06-24,0.0,5.27,0.24,0.11
2014-06-25,0.0,4.82,0.246,0.04
2014-06-26,0.0,3.62,0.252,0.03
2014-06-27,6.23051753137608,2.06,0.368,8.1
2014-06-28,7.751878048181823,2.12,0.525,6.87
2014-06-29,7.07818747945178,2.62,0.525,3.62
2014-06-30,0.0,3.58,0.323,0.2
2014-07-01,0.0,5.56,0.28,0.08
2014-07-02,0.0,4.88,0.182,0.02
2014-07-03,0.0,5.85,0.191,0.03
2014-07-04,0.0037179560906946004,3.33,0.228,0.78
2014-07-05,7.452377073139682,1.32,0.313,5.95
2014-07-06,4.1712893670389555,1.25,0.458,6.33
2014-07-07,0.0,3.05,0.283,0.14
2014-07-08,6.540138637448782,0.58,0.371,6.69
2014-07-09,34.49094028345053,0.04,1.83,25.33
2014-07-10,2.6477062953350625,0.42,1.3,0.37
2014-07-11,0.19779978742246365,0.64,0.439,0.06
2014-07-12,0.5128066052879514,0.6,0.378,0.12
2014-07-13,9.687305332209416,1.88,0.707,7.49
2014-07-14,0.0,4.57,0.352,0.03
2014-07-15,0.28576516520970174,1.19,0.293,0.42
2014-07-16,0.0,4.44,0.269,0.0
2014-07-17,0.0,5.06,0.23,0.02
2014-07-18,0.0,5.15,0.206,0.05
2014-07-19,4.143966370360161,2.86,0.184,8.15
2014-07-20,4.884119482934598,1.29,0.515,7.7
2014-07-21,0.4348949894840288,1.19,0.237,0.02
2014-07-22,0.32603880395347257,2.95,0.238,0.38
2014-07-23,0.0,5.2,0.203,0.01
2014-07-24,0.0,5.54,0.175,0.04
2014-07-25,0.0,4.16,0.161,0.06
2014-07-26,0.0,3.24,0.157,0.01
2014-07-27,0.5880281256002606,2.25,0.156,0.53
2014-07-28,7.820137545754518,1.25,0.422,9.37
2014-07-29,2.5837525693257564,1.66,0.209,0.74
2014-07-30,0.0,2.62,0.193,0.02
2014-07-31,0.0,3.86,0.166,0.02
2014-08-01,0.0,3.38,0.154,0.01
2014-08-02,1.4270531953820953,3.05,0.16,1.64
2014-08-03,0.0,2.54,0.148,0.12
2014-08-04,0.3357916557310666,3.32,0.138,2.48
2014-08-05,0.0,3.69,0.146,0.0
2014-08-06,5.4031804252157585,0.67,0.207,4.45
2014-08-07,0.0,2.36,0.22,0.32
2014-08-08,11.624471066094056,0.72,0.494,9.77
2014-08-09,3.082915753153492,2.66,0.529,4.36
2014-08-10,21.493695937554158,0.64,1.36,19.91
2014-08-11,1.3573246082122954,2.63,0.548,1.93
2014-08-12,0.7176180675289989,2.59,0.219,2.3
2014-08-13,0.2800223143706476,2.0,0.203,0.35
2014-08-14,4.740058809042323,1.11,0.411,11.03
2014-08-15,11.655937432305704,2.07,0.525,7.64
2014-08-16,0.08032792513945144,2.3,0.3,0.61
2014-08-17,11.710824655918401,1.01,0.415,6.22
2014-08-18,4.501965036881307,1.93,0.565,3.05
2014-08-19,1.3179903142197111,2.15,0.346,2.28
2014-08-20,0.21948690130285903,1.8,0.237,2.7
2014-08-21,0.0,2.05,0.204,0.04
2014-08-22,2.248806223707391,0.64,0.231,11.43
2014-08-23,1.120474981136041,2.07,0.341,3.45
2014-08-24,0.0,2.13,0.249,0.24
2014-08-25,24.979886963016092,0.28,0.676,22.1
2014-08-26,27.746735394864785,0.31,5.65,35.14
2014-08-27,0.0,1.7,2.3,0.01
2014-08-28,2.669143677227633,0.89,0.712,1.3
2014-08-29,0.00278846706802095,2.5,0.525,0.19
2014-08-30,1.8924417510321636,0.57,0.665,4.25
2014-08-31,0.9594793412979338,1.98,0.495,2.77
2014-09-01,0.1042119960072856,1.91,0.356,0.26
2014-09-02,0.32391173847803956,1.12,0.339,0.83
2014-09-03,0.07382150198073589,2.84,0.286,0.01
2014-09-04,0.14764300396147179,1.72,0.267,0.0
2014-09-05,0.0,0.63,0.257,0.03
2014-09-06,0.0,0.51,0.256,0.02
2014-09-07,0.0,1.87,0.262,0.02
2014-09-08,0.07382150198073589,2.12,0.245,0.0
2014-09-09,0.0,2.07,0.223,0.02
2014-09-10,0.0,2.23,0.224,0.04
2014-09-11,0.07660996904875685,1.51,0.211,0.05
2014-09-12,0.07382150198073589,2.5,0.216,0.02
2014-09-13,0.07382150198073589,1.68,0.208,0.01
2014-09-14,0.07382150198073589,1.45,0.206,0.02
2014-09-15,0.0,1.85,0.197,0.03
2014-09-16,0.07382150198073589,1.84,0.194,0.0
2014-09-17,0.07382150198073589,2.3,0.188,0.06
2014-09-18,1.3543917465154007,1.65,0.299,8.17
2014-09-19,0.0,1.63,0.204,0.51
2014-09-20,0.41057356993477917,1.43,0.179,2.59
2014-09-21,12.301633292433504,1.92,0.628,8.71
2014-09-22,0.0,1.13,0.248,0.02
2014-09-23,0.0,0.9,0.206,0.02
2014-09-24,9.129705305140364,0.33,0.505,9.57
2014-09-25,0.0,1.14,0.512,0.11
2014-09-26,0.011818525454769333,0.75,0.238,0.2
2014-09-27,0.0,0.96,0.227,0.02
2014-09-28,0.0,1.12,0.217,0.02
2014-09-29,1.9207660356132499,0.34,0.202,2.56
2014-09-30,0.0,0.7,0.243,0.0
2014-10-01,0.0822633058769997,0.91,0.207,0.01
2014-10-02,0.0,0.68,0.202,0.01
2014-10-03,0.0,0.88,0.205,0.0
2014-10-04,13.057134912007966,0.83,0.512,11.71
2014-10-05,0.011818525454769333,1.22,0.605,0.32
2014-10-06,2.976127684436012,0.76,0.259,2.28
2014-10-07,4.90750715970816,0.36,0.627,7.89
2014-10-08,6.137740602389575,0.21,0.538,5.1
2014-10-09,0.0,0.59,0.55,0.15
2014-10-10,0.0,0.5,0.312,0.01
2014-10-11,11.314892168338593,0.25,1.04,10.04
2014-10-12,4.079203406830576,0.85,0.631,4.54
2014-10-13,0.0,0.34,0.609,0.0
2014-10-14,0.086834348298167,0.54,0.392,0.18
2014-10-15,0.9236726746729239,0.33,0.361,1.64
2014-10-16,4.782991797993844,0.22,0.581,3.87
2014-10-17,0.0,0.34,0.396,0.04
2014-10-18,0.0,0.43,0.355,0.01
2014-10-19,0.0,0.08,0.34,0.04
2014-10-20,0.24656070955439624,0.02,0.318,0.33
2014-10-21,11.994482565879165,0.25,0.884,10.14
2014-10-22,0.28089836774824345,0.7,0.511,0.28
2014-10-23,0.0,0.55,0.35,0.03
2014-10-24,4.2299082094138045,0.22,0.35,2.66
2014-10-25,0.0,0.48,0.509,0.01
2014-10-26,0.0,0.42,0.344,0.02
2014-10-27,0.0,0.0,0.329,0.03
2014-10-28,0.0,0.61,0.325,0.4
2014-10-29,2.722528988467591,0.09,0.382,3.47
2014-10-30,0.0,-0.0,0.386,1.06
2014-10-31,0.0,0.0,0.335,2.8
2014-11-01,0.0,0.0,0.325,2.11
2014-11-02,14.7091174039286,0.16,0.347,9.99
2014-11-03,16.81682267059662,-0.0,2.06,16.64
2014-11-04,0.0,0.0,2.01,0.1
2014-11-05,0.15414942712018734,0.24,0.744,0.29
2014-11-06,0.0,0.15,0.576,0.0
2014-11-07,1.0565235125539159,0.55,0.534,1.3
2014-11-08,0.12493869766470436,0.14,0.474,0.43
2014-11-09,0.0,0.33,0.423,0.02
2014-11-10,0.04727410181907733,0.0,0.406,0.05
2014-11-11,0.0,0.0,0.393,0.0
2014-11-12,0.0,0.24,0.392,0.27
2014-11-13,0.07382150198073589,0.0,0.376,0.0
2014-11-14,7.980419338725596,0.01,0.675,7.54
2014-11-15,8.89658295411503,0.0,1.4,11.84
2014-11-16,1.1495783846990202,0.08,0.847,1.27
2014-11-17,0.7008352744487801,0.21,0.695,0.21
2014-11-18,1.371307722481216,0.11,0.612,1.18
2014-11-19,0.0,0.05,0.543,0.0
2014-11-20,0.0,0.09,0.497,0.0
2014-11-21,0.0,-0.0,0.518,0.03
2014-11-22,0.3914152464478471,0.1,0.459,1.19
2014-11-23,0.5608573907453005,0.04,0.468,0.58
2014-11-24,1.1133184570862351,0.0,0.468,0.73
2014-11-25,0.0,0.66,0.446,0.0
2014-11-26,0.5811631995882316,0.15,0.454,0.35
2014-11-27,0.3622499964842621,0.01,0.468,0.48
2014-11-28,0.0,0.2,0.453,0.01
2014-11-29,0.0,0.0,0.418,0.03
2014-11-30,0.051162675175866465,0.19,0.404,0.03
2014-12-01,0.0,0.29,0.398,0.01
2014-12-02,0.7902973282773863,0.11,0.392,0.39
2014-12-03,0.01688360779252762,0.29,0.392,0.01
2014-12-04,0.0,0.28,0.385,0.0
2014-12-05,1.4672157090826967,0.08,0.38,1.06
2014-12-06,0.7397308637451843,0.0,0.436,1.35
2014-12-07,3.9623151874331857,0.07,0.494,4.09
2014-12-08,2.5029056486890378,0.0,0.555,2.63
2014-12-09,1.5948532708463905,0.07,0.632,1.52
2014-12-10,4.90490106521008,0.16,0.864,3.53
2014-12-11,1.2110240299348052,0.22,0.657,2.19
2014-12-12,7.9248918621580415,0.0,1.31,10.58
2014-12-13,0.0,0.05,1.28,0.2
2014-12-14,0.07382150198073589,0.0,0.781,0.0
2014-12-15,0.9405483263122718,0.16,0.724,0.12
2014-12-16,0.16158533930157654,0.02,0.617,0.19
2014-12-17,7.99342892945293,0.0,1.3,7.52
2014-12-18,2.1924586615014396,0.0,1.05,0.04
2014-12-19,10.739174076015573,0.0,2.53,9.96
2014-12-20,0.0,0.32,1.51,0.01
2014-12-21,0.5412617185769528,0.0,1.02,0.15
2014-12-22,0.0,0.36,0.884,0.03
2014-12-23,0.9508767758640884,0.27,0.819,0.16
2014-12-24,1.8037943587828957,0.2,0.853,1.26
2014-12-25,1.162948377855,0.06,0.846,2.9
2014-12-26,3.4541166043445517,0.06,0.909,3.09
2014-12-27,20.859161886267064,0.11,8.69,29.83
2014-12-28,0.0,0.6,2.95,0.02
2014-12-29,2.096680513237238,0.33,1.63,0.73
2014-12-30,0.2806691596716405,0.04,1.56,0.36
2014-12-31,0.0,0.03,1.3,0.01
2015-01-01,0.0,0.3,1.11,0.0
2015-01-02,2.4146932509435044,0.16,1.18,0.66
2015-01-03,18.346872920461617,0.07,4.69,16.88
2015-01-04,0.0,0.0,3.19,0.02
2015-01-05,0.07382150198073589,0.3,1.55,0.04
2015-01-06,0.07382150198073589,0.18,1.28,0.07
2015-01-07,0.08813599505333268,0.01,1.06,0.65
2015-01-08,25.217559573468993,0.0,7.54,26.29
2015-01-09,3.63967932767544,0.0,5.27,3.21
2015-01-10,3.2570954001356927,0.2,2.72,4.02
2015-01-11,0.5741904041231304,0.6,1.94,0.99
2015-01-12,0.2158599041959604,0.37,1.52,0.19
2015-01-13,6.890903849251912,0.03,1.83,6.03
2015-01-14,10.161293294453731,0.16,4.89,12.56
2015-01-15,3.6509906129367877,0.26,2.89,4.4
2015-01-16,0.9618698825985902,0.0,1.88,0.35
2015-01-17,0.0,0.2,1.41,0.1
2015-01-18,11.967544286898626,0.07,2.15,9.98
2015-01-19,3.618151075757293,0.04,4.24,3.11
2015-01-20,0.0,0.0,2.12,0.0
2015-01-21,0.0,0.12,1.56,0.01
2015-01-22,0.0,0.12,1.25,0.08
2015-01-23,0.07382150198073589,0.03,1.08,0.0
2015-01-24,6.673766166760326,0.3,2.01,11.51
2015-01-25,0.8461252604483136,0.27,1.46,1.88
2015-01-26,3.20404987845494,0.0,1.57,1.26
2015-01-27,0.0,0.02,1.35,0.01
2015-01-28,5.197938125473491,0.0,1.62,6.81
2015-01-29,4.056945850341389,0.14,1.65,3.61
2015-01-30,4.231370706664772,0.0,2.03,1.49
2015-01-31,0.013012846317431102,0.05,1.82,1.12
2015-02-01,10.969647029312169,-0.0,3.44,8.89
2015-02-02,3.0600905628355415,0.11,3.39,2.71
2015-02-03,0.0,0.14,1.79,0.0
2015-02-04,0.6067454869638312,0.07,1.43,1.05
2015-02-05,0.10362374151680104,0.51,1.24,0.33
2015-02-06,0.0,1.06,1.08,0.01
2015-02-07,0.14636242467809632,0.62,0.946,0.0
2015-02-08,1.145340620656862,0.59,0.996,0.56
2015-02-09,0.08842849450352618,0.24,0.938,0.02
2015-02-10,0.086834348298167,0.12,0.907,0.01
2015-02-11,0.0,0.25,0.885,0.0
2015-02-12,0.0,0.31,0.847,0.0
2015-02-13,0.00278846706802095,0.77,0.833,0.13
2015-02-14,1.4839760786763603,0.21,0.873,2.42
2015-02-15,0.2675035079698075,0.24,0.785,0.45
2015-02-16,0.07382150198073589,0.36,0.723,0.0
2015-02-17,0.5230942759109521,0.3,0.688,0.4
2015-02-18,0.07382150198073589,0.39,0.661,0.0
2015-02-19,0.00278846706802095,0.67,0.692,0.01
2015-02-20,20.479064256325355,0.0,1.64,19.71
2015-02-21,4.715950863179756,0.22,4.73,4.8
2015-02-22,2.459082771545334,0.88,1.89,3.0
2015-02-23,5.719502001155023,0.42,3.46,5.42
2015-02-24,2.424761569218415,0.54,1.86,2.86
2015-02-25,1.3686622050690842,0.02,1.55,1.38
2015-02-26,8.160800699510126,0.14,1.82,7.06
2015-02-27,0.0,0.8,2.7,0.0
2015-02-28,0.0,1.58,1.5,0.18
2015-03-01,3.9753279447923973,1.17,1.56,4.42
2015-03-02,1.9368092137915671,1.07,1.56,3.33
2015-03-03,2.163351913390143,0.3,1.53,4.79
2015-03-04,0.0055769341360419,0.62,1.24,0.22
2015-03-05,0.0,0.94,1.04,0.03
2015-03-06,0.0,0.72,0.987,0.0
2015-03-07,0.0,0.89,0.936,0.23
2015-03-08,0.0,1.36,0.876,0.12
2015-03-09,0.0,0.42,0.813,0.21
2015-03-10,0.28277515767528333,1.12,0.767,0.62
2015-03-11,0.0,1.28,0.709,0.01
2015-03-12,0.0,1.97,0.739,0.04
2015-03-13,0.0,2.12,0.69,0.0
2015-03-14,0.4020474071931345,1.33,0.649,0.53
2015-03-15,0.027525624266327806,0.61,0.632,0.17
2015-03-16,0.0,1.15,0.613,0.0
2015-03-17,0.0,1.57,0.585,0.01
2015-03-18,0.0,0.99,0.57,0.01
2015-03-19,0.23342598105286616,0.22,0.566,0.07
2015-03-20,0.0,0.38,0.57,0.02
2015-03-21,0.8942037135158681,0.66,0.581,0.57
2015-03-22,0.0,1.15,0.562,0.04
2015-03-23,0.0,1.2,0.549,0.0
2015-03-24,6.336933896963416,0.73,0.654,9.08
2015-03-25,7.298677285773045,0.27,1.57,7.51
2015-03-26,3.7552007983269604,0.33,1.06,3.93
2015-03-27,0.0,1.61,0.936,0.0
2015-03-28,1.8722226552122945,0.56,0.802,0.81
2015-03-29,14.223180988934017,0.11,2.38,15.57
2015-03-30,0.9141715434167077,1.99,2.01,1.68
2015-03-31,1.1738412134377616,3.05,1.29,1.92
2015-04-01,0.0,2.74,0.953,0.32
2015-04-02,12.666826283029083,2.04,2.41,13.17
2015-04-03,0.18539300747720974,0.5,1.32,0.88
2015-04-04,0.8665740189471339,0.73,1.11,1.06
2015-04-05,0.0,2.15,0.919,0.01
2015-04-06,0.0,0.42,0.83,0.01
2015-04-07,0.0,2.18,0.757,0.18
2015-04-08,0.0,2.09,0.732,0.0
2015-04-09,0.0,2.3,0.702,0.0
2015-04-10,0.0,2.88,0.684,0.01
2015-04-11,1.4430213268829761,1.55,0.705,8.38
2015-04-12,0.0,3.34,0.629,0.14
2015-04-13,0.0,1.66,0.599,0.0
2015-04-14,0.0,3.63,0.591,0.01
2015-04-15,0.0,3.63,0.585,0.0
2015-04-16,0.04729191370076995,2.73,0.561,0.2
2015-04-17,0.0,4.5,0.55,0.0
2015-04-18,0.0,4.36,0.531,0.01
2015-04-19,0.0,3.03,0.536,0.01
2015-04-20,0.0,4.24,0.534,0.0
2015-04-21,0.0,3.86,0.532,0.0
2015-04-22,0.0,1.99,0.543,0.17
2015-04-23,0.0,2.74,0.558,0.01
2015-04-24,0.0,3.32,0.556,0.02
2015-04-25,3.583287464075916,1.35,0.6,4.5
2015-04-26,5.343683183077913,0.55,0.721,6.69
2015-04-27,0.0,3.61,0.767,0.14
2015-04-28,0.0,3.1,0.555,0.03
2015-04-29,3.3037404685354694,1.08,0.581,6.87
2015-04-30,0.0,2.375280748663102,0.739,0.65
2015-05-01,0.0,2.431062834224599,0.573,0.13
2015-05-02,0.0,2.488726604278075,0.559,0.0
2015-05-03,4.43956033543731,2.4874498663101607,0.675,1.51
2015-05-04,18.00672749514673,2.569451871657754,0.701,15.37
2015-05-05,5.667700616766751,2.6676136363636362,3.02,11.22
2015-05-06,2.4582255282123473,2.6869318181818183,0.859,5.58
2015-05-07,0.028702133247296948,2.701477272727273,0.684,0.08
2015-05-08,0.482146124255983,2.6899131016042785,0.554,1.84
2015-05-09,0.0037179560906946004,2.7497058823529414,0.524,1.13
2015-05-10,0.0,2.800604946524064,0.458,0.04
2015-05-11,0.0,2.806600935828877,0.437,0.01
2015-05-12,0.0,3.3,0.382,0.01
2015-05-13,0.0,4.38,0.385,0.0
2015-05-14,7.494606794448664,1.28,0.531,8.65
2015-05-15,1.4328489383056593,2.84,0.66,1.33
2015-05-16,0.2799866906072624,0.96,0.419,0.45
2015-05-17,0.0,3.46,0.411,0.0
2015-05-18,0.3849088232891315,1.27,0.414,1.37
2015-05-19,1.9923282796035928,2.37,0.43,4.94
2015-05-20,1.9958710068233307,2.8,0.499,2.88
2015-05-21,0.0,3.21,0.375,0.06
2015-05-22,0.0,2.29,0.357,0.3
2015-05-23,0.0,1.4,0.367,0.0
2015-05-24,0.6445311142429544,3.7,0.37,0.63
2015-05-25,0.0,2.57,0.358,0.0
2015-05-26,0.040861893234255355,2.5,0.36,0.14
2015-05-27,0.0,3.66,0.341,0.03
2015-05-28,0.0,2.85,0.33,0.34
2015-05-29,12.149376031778427,1.25,0.534,16.44
2015-05-30,0.36468592831859653,2.63,0.654,0.32
2015-05-31,7.772841921861303,0.52,0.525,7.53
2015-06-01,0.0,2.81,0.575,0.3
2015-06-02,2.4710152230310225,1.11,0.428,3.07
2015-06-03,0.6474901985770699,2.77,0.374,0.0
2015-06-04,0.0,5.24,0.304,0.14
2015-06-05,7.405392482055361,4.33,0.5,8.84
2015-06-06,0.004476827847273712,4.91,0.527,0.0
2015-06-07,0.0,5.09,0.289,0.0
2015-06-08,0.0,5.07,0.285,0.0
2015-06-09,0.0,5.68,0.278,0.01
2015-06-10,0.0,7.12,0.281,0.03
2015-06-11,0.0,6.95,0.271,0.01
2015-06-12,0.0,4.63,0.268,0.18
2015-06-13,0.0,4.14,0.267,0.39
2015-06-14,0.0,3.82,0.27,0.01
2015-06-15,0.0,4.18,0.269,0.07
2015-06-16,0.0,4.92,0.262,0.03
2015-06-17,0.08404588123014604,4.44,0.232,0.32
2015-06-18,9.489811333472195,3.63,0.527,8.3
2015-06-19,0.0037179560906946004,2.75,0.25,0.23
2015-06-20,4.480171864164952,2.44,0.27,3.9
2015-06-21,0.00278846706802095,2.68,0.301,0.01
2015-06-22,16.181176854467413,0.49,0.757,14.86
2015-06-23,2.0170158003074876,2.14,0.539,3.66
2015-06-24,0.0,3.84,0.248,0.01
2015-06-25,0.0,4.68,0.21,0.01
2015-06-26,0.0,3.08,0.183,0.57
2015-06-27,0.00844180389626381,3.86,0.173,0.38
2015-06-28,0.0,3.52,0.169,0.29
2015-06-29,0.0,4.74,0.159,0.01
2015-06-30,0.0,5.91,0.163,0.07
2015-07-01,0.0,6.02,0.153,0.06
2015-07-02,0.0,3.49,0.164,1.06
2015-07-03,0.0,5.58,0.179,0.03
2015-07-04,0.0,4.71,0.188,0.77
2015-07-05,0.0,1.95,0.212,0.26
2015-07-06,0.0,4.48,0.215,0.01
2015-07-07,0.006506423158715551,1.9,0.21,1.8
2015-07-08,5.175646390193903,1.12,0.236,3.76
2015-07-09,0.10130164675516569,4.05,0.274,0.01
2015-07-10,0.0,5.63,0.2,0.05
2015-07-11,0.0,5.17,0.197,0.01
2015-07-12,0.01773669412300031,1.53,0.192,0.9
2015-07-13,2.837854073818144,0.36,0.221,3.0
2015-07-14,0.037485171675749836,1.48,0.24,0.11
2015-07-15,1.5151188443210741,0.73,0.226,1.24
2015-07-16,0.1940054286395681,4.25,0.21,4.67
2015-07-17,1.21688035220243,2.84,0.176,2.36
2015-07-18,0.0037179560906946004,4.1,0.191,0.63
2015-07-19,7.45752424910336,1.83,0.38,6.07
2015-07-20,4.812290596487154,1.4,0.207,2.42
2015-07-21,0.4185232334897848,2.36,0.176,0.09
2015-07-22,0.0,3.49,0.119,0.72
2015-07-23,0.0,3.12,0.107,0.03
2015-07-24,0.12730952750833527,2.89,0.11,1.02
2015-07-25,16.600948476983724,0.73,0.702,31.09
2015-07-26,2.8961034704900315,1.27,0.203,3.96
2015-07-27,1.480103872228279,1.46,0.251,2.17
2015-07-28,3.101585021765103,2.04,0.261,1.87
2015-07-29,0.050650823377582845,3.08,0.148,0.92
2015-07-30,0.5155805160643773,2.4,0.126,1.66
2015-07-31,0.0,3.92,0.121,0.02
2015-08-01,0.0,3.61,0.11,0.0
2015-08-02,0.0,4.28,0.097,0.0
2015-08-03,0.6296105547981804,4.7,0.085,2.84
2015-08-04,0.5673619143286832,3.11,0.096,9.95
2015-08-05,0.00278846706802095,4.63,0.085,0.01
2015-08-06,0.010224379249410151,4.16,0.078,0.01
2015-08-07,0.0,4.17,0.069,1.57
2015-08-08,0.0111538682720838,3.54,0.078,0.01
2015-08-09,0.07753945807143049,2.44,0.09,1.12
2015-08-10,0.00278846706802095,2.36,0.087,0.0
2015-08-11,0.0,2.2,0.061,0.01
2015-08-12,0.0,3.77,0.06,0.0
2015-08-13,21.560616508530792,3.82,0.474,32.86
2015-08-14,0.6425779216237135,2.32,0.555,3.15
2015-08-15,10.753039554061129,0.33,0.463,11.43
2015-08-16,0.0,2.8,0.235,0.0
2015-08-17,1.8514294065911876,1.02,0.12,2.23
2015-08-18,1.8405009472450409,0.63,0.208,3.64
2015-08-19,0.0,2.47,0.12,0.02
2015-08-20,0.0,1.38,0.1,0.11
2015-08-21,0.0,3.05,0.1,0.0
2015-08-22,0.0,4.12,0.087,0.01
2015-08-23,0.11875054199105481,2.1,0.081,1.56
2015-08-24,12.848395819140205,1.36,0.275,31.36
2015-08-25,5.077908360213826,1.66,0.524,7.07
2015-08-26,9.921320208063834,2.01,0.271,9.55
2015-08-27,10.783989189994973,0.13,0.779,15.52
2015-08-28,0.0,2.37,0.295,0.01
2015-08-29,0.0,3.1,0.146,0.02
2015-08-30,1.25471689082479,2.22,0.147,0.69
2015-08-31,17.970894785819908,0.87,1.25,24.52
2015-09-01,3.586839958065946,1.2,0.447,2.87
2015-09-02,3.000257419247377,1.24,0.215,1.75
2015-09-03,0.04499748654933999,1.21,0.168,0.54
2015-09-04,0.08223563826679432,1.05,0.39,0.03
2015-09-05,0.6293700460200802,0.78,0.51,0.93
2015-09-06,0.4902031137034927,1.61,0.51,0.02
2015-09-07,0.12845511328900147,0.89,0.462,0.12
2015-09-08,0.0,1.3,0.45,0.01
2015-09-09,0.0,2.54,0.454,0.0
2015-09-10,0.0,2.8,0.434,0.07
2015-09-11,0.0,2.2,0.4,0.02
2015-09-12,1.4853152487702441,0.74,0.409,3.52
2015-09-13,11.720386554246367,0.55,0.915,14.97
2015-09-14,9.37522695014468,0.81,1.17,14.56
2015-09-15,0.0,0.96,0.599,2.42
2015-09-16,12.66118289088757,0.55,1.28,13.26
2015-09-17,10.326198753036858,0.33,1.21,5.58
2015-09-18,2.247589479358174,0.77,0.768,10.37
2015-09-19,0.5855327015430014,1.29,0.645,3.14
2015-09-20,0.0,1.26,0.495,0.0
2015-09-21,6.5129707113738515,1.14,0.558,4.96
2015-09-22,7.003146604277207,0.41,1.22,12.48
2015-09-23,1.2748709736121757,0.66,0.789,2.93
2015-09-24,1.7419699556762036,0.39,0.629,1.06
2015-09-25,0.0,0.84,0.568,0.01
2015-09-26,0.0,1.25,0.501,0.0
2015-09-27,0.0,1.82,0.478,0.01
2015-09-28,0.0,1.45,0.433,0.03
2015-09-29,0.0,2.27,0.442,0.05
2015-09-30,0.0,2.16,0.418,0.03
2015-10-01,0.0,2.06,0.4,0.01
2015-10-02,0.0,1.26,0.397,0.01
2015-10-03,0.0,0.78,0.417,0.01
2015-10-04,0.0,0.61,0.438,0.0
2015-10-05,8.105981460041823,0.61,0.442,10.6
2015-10-06,3.584111973591486,0.28,0.935,5.37
2015-10-07,3.262587886468134,0.05,0.657,1.05
2015-10-08,0.8185766691348628,0.6,0.677,0.19
2015-10-09,0.0,0.56,0.481,0.01
2015-10-10,0.00844180389626381,0.43,0.47,0.0
2015-10-11,0.0,0.45,0.497,0.0
2015-10-12,0.0,0.42,0.461,0.0
2015-10-13,0.20167054889756014,0.94,0.487,2.01
2015-10-14,3.4043826132733805,0.3,0.553,4.61
2015-10-15,3.0421912075996267,0.32,0.621,3.1
2015-10-16,6.790259804938669,0.26,0.969,8.09
2015-10-17,1.556794944532319,0.29,0.799,2.08
2015-10-18,0.07660996904875685,0.49,0.61,0.03
2015-10-19,0.020260329351033137,0.26,0.584,0.02
2015-10-20,0.984045881230146,0.32,0.535,0.76
2015-10-21,1.667979736004706,0.2,0.523,3.77
2015-10-22,1.2221469750065859,0.28,0.628,0.03
2015-10-23,0.0,0.34,0.544,0.0
2015-10-24,0.00278846706802095,0.47,0.528,0.14
2015-10-25,0.9754057924575824,0.27,0.535,0.7
2015-10-26,0.07382150198073589,0.13,0.537,0.05
2015-10-27,0.0,0.16,0.553,0.13
2015-10-28,5.18849368545245,0.15,0.67,10.36
2015-10-29,0.0,0.06,0.796,0.08
2015-10-30,0.0,0.08,0.596,0.0
2015-10-31,0.0,0.03,0.562,1.26
2015-11-01,0.0,0.0,0.579,1.83
2015-11-02,0.0,0.35,0.572,1.87
2015-11-03,0.0,0.41,0.572,0.6
2015-11-04,1.735434508892518,0.06,0.612,1.01
2015-11-05,1.8245519836406174,0.29,0.614,3.56
2015-11-06,0.9938901465938843,0.04,0.673,1.24
2015-11-07,2.363324334738158,0.06,0.636,1.4
2015-11-08,0.07382150198073589,0.12,0.632,0.06
2015-11-09,0.4081460488559728,0.47,0.604,0.21
2015-11-10,0.0,0.35,0.578,0.0
2015-11-11,0.0,0.47,0.582,0.0
2015-11-12,0.00278846706802095,0.21,0.575,0.01
2015-11-13,2.499502704493312,0.24,0.591,3.11
2015-11-14,4.3678254856473195,0.09,0.713,4.5
2015-11-15,0.37282872158447167,0.74,0.703,0.0
2015-11-16,1.2383481137347354,0.35,0.621,3.8
2015-11-17,8.034232597520804,0.38,1.03,7.06
2015-11-18,5.389471998515339,0.73,0.787,0.95
2015-11-19,16.667850352269777,0.09,2.09,25.46
2015-11-20,0.28590485927549336,0.0,1.68,2.02
2015-11-21,16.208668754545684,0.0,1.61,16.97
2015-11-22,6.390552758991211,0.06,2.9,5.17
2015-11-23,0.07382150198073589,0.03,1.38,0.0
2015-11-24,8.19861254942647,0.17,1.33,14.37
2015-11-25,7.176343870152226,0.13,2.2,4.91
2015-11-26,0.9776060050351187,0.03,1.47,0.6
2015-11-27,0.5174231272010167,0.26,1.12,0.0
2015-11-28,3.0237884113209565,0.16,1.1,3.57
2015-11-29,3.129290387737782,0.06,1.39,3.55
2015-11-30,16.484987214514884,0.0,2.44,12.29
2015-12-01,5.854830540169801,0.1,4.08,1.36
2015-12-02,0.0,0.46,1.78,0.0
2015-12-03,0.0,0.4,1.29,0.0
2015-12-04,3.729631622269971,0.0,1.4,4.47
2015-12-05,0.0,0.01,1.13,0.0
2015-12-06,0.08590485927549335,0.41,1.02,0.07
2015-12-07,0.0,0.0,0.932,0.37
2015-12-08,2.2893434272346047,0.0,0.919,1.98
2015-12-09,0.0,0.0,0.931,0.01
2015-12-10,0.0,0.06,0.843,0.0
2015-12-11,12.282806535477937,0.02,1.76,14.92
2015-12-12,0.17475099100340957,-0.0,1.71,0.01
2015-12-13,2.132015563432212,0.04,1.36,0.01
2015-12-14,0.0,0.1,1.18,0.18
2015-12-15,3.9191213437087824,0.04,1.1,4.85
2015-12-16,3.9181431196041134,0.0,1.84,2.06
2015-12-17,0.42608428344537064,0.01,1.39,1.0
2015-12-18,0.0,0.02,1.19,0.01
2015-12-19,0.20777714671357828,0.0,1.09,0.02
2015-12-20,1.1587758047617656,0.12,1.04,2.6
2015-12-21,1.2130859934195346,0.25,1.04,1.16
2015-12-22,3.7595201202267496,0.64,1.49,3.07
2015-12-23,0.3765434220850687,0.0,1.11,0.14
2015-12-24,3.500408325056446,0.07,1.1,2.58
2015-12-25,1.1703505658483369,0.02,1.22,1.35
2015-12-26,0.0,0.0,1.06,0.0
2015-12-27,0.0,0.06,0.953,0.0
2015-12-28,0.0,0.05,0.888,0.06
2015-12-29,0.28960500348449536,0.0,0.888,0.39
2015-12-30,0.0,0.46,0.856,0.01
2015-12-31,3.381883191991328,0.14,1.03,4.02
2016-01-01,0.2410601781105553,0.0,0.846,0.29
2016-01-02,9.042435060926046,0.25,1.17,7.28
2016-01-03,14.747206198840624,-0.0,2.58,14.94
2016-01-04,1.3503597689003743,0.0,3.87,1.62
2016-01-05,0.3278945264087223,0.0,1.89,0.45
2016-01-06,0.33162369424269433,0.0,1.45,0.38
2016-01-07,12.051671725986402,0.0,3.03,14.13
2016-01-08,0.0,0.0,2.09,0.11
2016-01-09,2.176184375671187,0.0,1.64,3.47
2016-01-10,1.0313345393408184,0.0,1.59,1.96
2016-01-11,10.69205973757116,0.0,1.9,10.31
2016-01-12,3.652192077498433,0.11,2.88,0.82
2016-01-13,3.6067665544356218,0.14,2.18,1.35
2016-01-14,8.844506613264628,0.14,2.39,10.6
2016-01-15,26.00718645486051,0.47,9.52,19.42
2016-01-16,4.372707829771009,0.05,6.85,5.68
2016-01-17,0.783134204089165,0.0,3.37,0.74
2016-01-18,0.0,0.06,2.08,0.08
2016-01-19,0.0793984361167778,0.0,1.55,0.12
2016-01-20,0.07064116572319741,0.18,1.4,0.16
2016-01-21,0.0,0.0,1.34,0.03
2016-01-22,7.2093699369041735,0.35,1.57,5.84
2016-01-23,1.952559080065494,0.1,2.03,0.07
2016-01-24,2.3009201768547296,0.01,1.67,1.16
2016-01-25,0.0,0.23,1.5,0.39
2016-01-26,0.0,0.54,1.36,0.64
2016-01-27,6.3263318469642345,0.24,1.37,5.3
2016-01-28,0.1598027639484302,0.0,1.75,0.27
2016-01-29,0.0,0.51,1.35,0.01
2016-01-30,15.033503381907986,0.0,3.74,17.91
2016-01-31,2.9011994760280926,-0.0,2.64,1.63
2016-02-01,1.8090628811623843,0.34,2.02,0.16
2016-02-02,6.260579991147271,0.0,2.65,6.75
2016-02-03,0.07382150198073589,0.26,2.15,0.14
2016-02-04,4.711332896293706,0.07,2.2,6.0
2016-02-05,0.7450738892415409,0.13,2.0,0.02
2016-02-06,0.0,0.92,1.8,0.0
2016-02-07,6.340750410339238,0.75,2.12,6.15
2016-02-08,12.122243178114035,0.75,4.54,13.97
2016-02-09,18.135464708596846,0.0,8.12,20.72
2016-02-10,4.509178163208069,0.21,5.32,3.75
2016-02-11,0.0,0.13,2.94,0.01
2016-02-12,0.0,0.37,2.21,0.01
2016-02-13,4.127150210943739,0.21,2.08,3.9
2016-02-14,3.5736218610896717,0.15,2.34,1.21
2016-02-15,0.6751198931458041,0.49,1.96,0.27
2016-02-16,0.0,0.38,1.58,0.04
2016-02-17,0.0,0.23,1.53,0.01
2016-02-18,1.4425811772138113,0.17,1.45,1.49
2016-02-19,0.8064398761950274,0.49,1.49,0.64
2016-02-20,9.6922397637557,0.01,2.06,8.95
2016-02-21,2.5619982759628845,0.23,3.22,0.09
2016-02-22,11.841447435695212,0.09,3.36,7.78
2016-02-23,3.0184356190543062,0.27,4.75,4.11
2016-02-24,0.0,0.58,2.47,0.1
2016-02-25,0.07382150198073589,0.37,1.93,0.53
2016-02-26,0.0,0.65,1.68,0.46
2016-02-27,0.0,1.62,1.53,0.01
2016-02-28,0.0,2.29,1.3,0.02
2016-02-29,0.0,0.98,1.23,0.03
2016-03-01,5.4463971470290655,0.17,1.4,4.0
2016-03-02,9.915090275298454,0.5,2.53,8.75
2016-03-03,8.926202910039372,0.7,4.26,7.4
2016-03-04,12.684863432755456,0.41,5.79,14.06
2016-03-05,0.9566908742299128,0.69,2.97,0.58
2016-03-06,17.423302416515767,0.09,5.84,12.1
2016-03-07,3.5364962793883716,0.85,4.59,2.74
2016-03-08,0.004647445113368251,0.91,2.54,0.04
2016-03-09,0.0,1.14,2.04,0.17
2016-03-10,0.0,1.27,1.69,0.0
2016-03-11,0.0,1.52,1.52,0.02
2016-03-12,0.0,1.38,1.38,0.03
2016-03-13,0.0,1.69,1.29,0.0
2016-03-14,0.0,1.6,1.23,0.01
2016-03-15,0.0,1.7,1.17,0.11
2016-03-16,0.0,2.41,1.1,0.02
2016-03-17,0.0,1.91,1.07,0.02
2016-03-18,0.0,0.61,1.06,0.02
2016-03-19,0.0,1.59,1.03,0.01
2016-03-20,0.00844180389626381,1.1,0.996,0.0
2016-03-21,0.3789807988923878,0.89,0.983,0.33
2016-03-22,0.0,1.36,0.969,0.01
2016-03-23,0.07660996904875685,1.07,0.948,0.47
2016-03-24,0.3353027709799061,0.75,0.932,0.6
2016-03-25,8.563776239711169,1.12,1.43,8.93
2016-03-26,0.0,1.95,1.09,0.0
2016-03-27,11.054354312134905,1.97,2.01,12.66
2016-03-28,6.738409058722926,2.6,2.02,7.78
2016-03-29,4.443807322689192,1.61,2.33,7.46
2016-03-30,0.6517153059029659,1.43,1.66,1.02
2016-03-31,1.8562019894787523,0.3,1.47,1.8
2016-04-01,0.0,1.96,1.3,0.1
2016-04-02,0.01123027096428476,1.03,1.22,0.27
2016-04-03,1.646382136135122,3.25,1.23,1.89
2016-04-04,1.34081315815226,1.83,1.17,2.17
2016-04-05,0.10927707834504388,1.58,1.12,0.3
2016-04-06,1.2159995982617522,0.88,1.11,1.59
2016-04-07,0.8132012754652184,1.85,1.12,1.64
2016-04-08,0.2999334530363118,0.94,1.04,0.16
2016-04-09,3.682404899518125,2.44,1.05,5.36
2016-04-10,0.0,3.05,1.18,0.07
2016-04-11,0.0,2.37,0.953,0.25
2016-04-12,0.0,2.11,0.942,0.01
2016-04-13,0.19282891965859894,0.45,0.929,1.04
2016-04-14,3.7420337016521428,2.5,0.915,4.04
2016-04-15,10.856695671543497,1.73,1.51,10.53
2016-04-16,0.7404897355017634,1.07,1.31,1.75
2016-04-17,0.8364108334218542,1.81,1.04,1.09
2016-04-18,0.0,2.31,0.936,0.02
2016-04-19,0.0,2.78,0.899,0.04
2016-04-20,0.0,4.4,0.872,0.18
2016-04-21,0.0,3.81,0.861,0.17
2016-04-22,0.2567850888038064,2.67,0.854,0.83
2016-04-23,0.5530493208314192,2.86,0.878,0.54
2016-04-24,4.726706805684476,1.8,1.04,4.89
2016-04-25,8.206831745384546,0.69,1.21,8.42
2016-04-26,1.9542455412694142,1.65,1.38,4.98
2016-04-27,7.0833929793513075,1.99,1.74,9.27
2016-04-28,0.4825492051887781,2.33,1.32,3.77
2016-04-29,1.4441134770185644,1.19,1.16,2.59
2016-04-30,0.0,2.12,1.07,0.09
2016-05-01,0.0,4.02,0.96,0.0
2016-05-02,0.3814767665102152,2.81,0.917,0.87
2016-05-03,1.871801762397807,4.04,1.08,2.03
2016-05-04,0.0,3.9,0.914,0.12
2016-05-05,0.0,5.07,0.881,0.07
2016-05-06,0.0,4.63,0.871,0.04
2016-05-07,0.07382150198073589,5.11,0.865,0.1
2016-05-08,0.0,5.66,0.832,0.19
2016-05-09,0.08776383732084064,3.42,0.834,0.38
2016-05-10,1.9225922798411816,1.5,0.942,4.34
2016-05-11,0.4030518539350244,3.29,0.838,3.76
2016-05-12,0.0,3.85,0.719,0.7
2016-05-13,0.0,4.83,0.747,0.06
2016-05-14,0.07660996904875685,3.31,0.734,0.07
2016-05-15,0.0,2.28,0.679,0.03
2016-05-16,0.0,2.22,0.706,0.0
2016-05-17,0.07382150198073589,1.89,0.71,0.03
2016-05-18,0.8495376057702044,1.74,0.712,1.6
2016-05-19,0.0,3.03,0.698,0.01
2016-05-20,2.138556254339548,2.08,0.71,2.02
2016-05-21,0.0924112824342089,3.38,0.668,1.0
2016-05-22,37.18304813137718,0.34,2.73,32.76
2016-05-23,2.804725747380903,1.67,2.32,3.88
2016-05-24,0.0,3.04,0.924,0.03
2016-05-25,0.0,1.68,0.793,0.05
2016-05-26,0.0,4.0,0.701,0.01
2016-05-27,0.035320582861598705,4.19,0.542,1.19
2016-05-28,0.0,3.73,0.63,0.04
2016-05-29,1.5913257324370358,0.9,0.62,4.38
2016-05-30,39.8720602765586,0.05,2.95,36.93
2016-05-31,5.054633700266486,0.97,4.68,3.35
2016-06-01,0.6932076775295062,0.41,1.5,1.26
2016-06-02,0.8800762046180737,0.29,1.18,0.06
2016-06-03,1.3719901915455943,0.58,1.09,0.38
2016-06-04,0.48752667309105796,0.85,0.985,2.06
2016-06-05,0.6857327970364142,3.19,0.878,0.6
2016-06-06,4.061143833617647,4.74,1.0,7.84
2016-06-07,1.894485001222784,3.37,1.08,5.99
2016-06-08,0.0,4.9,0.893,0.25
2016-06-09,0.0,5.19,0.675,0.05
2016-06-10,0.0,4.34,0.643,0.08
2016-06-11,0.0,3.23,0.618,0.2
2016-06-12,2.0493459210323195,1.74,0.862,5.67
2016-06-13,3.764816497944132,1.47,1.1,5.34
2016-06-14,1.9983364090927036,2.15,0.817,2.32
2016-06-15,2.780761474670202,1.71,0.815,6.63
2016-06-16,0.0,1.46,0.713,0.83
2016-06-17,16.4915813410673,0.94,1.41,13.16
2016-06-18,4.1647216410402015,1.0,1.23,4.08
2016-06-19,0.0,2.59,0.89,0.45
2016-06-20,13.238536997484871,0.38,1.51,11.74
2016-06-21,5.80323558251973,0.74,1.77,3.77
2016-06-22,0.0037179560906946004,3.07,1.18,0.11
2016-06-23,22.600993517457837,2.52,1.43,35.97
2016-06-24,0.0,4.02,4.48,0.03
2016-06-25,1.324486881649914,2.81,1.37,2.89
2016-06-26,8.103259468582799,1.34,1.54,12.27
2016-06-27,1.1204764261090259,1.43,1.66,0.87
2016-06-28,19.400366093362365,2.45,1.76,21.69
2016-06-29,0.42889056239508416,1.85,5.77,1.31
2016-06-30,12.025298295431435,1.24,2.33,7.84
2016-07-01,5.36986366963073,0.55,2.21,2.38
2016-07-02,5.875209496114835,3.3,2.16,5.7
2016-07-03,0.8480460848942668,2.35,1.49,2.45
2016-07-04,0.0,2.47,1.17,0.01
2016-07-05,0.11096543912429666,1.66,1.03,0.38
2016-07-06,0.0,3.84,0.893,0.15
2016-07-07,0.0,2.38,0.807,0.04
2016-07-08,0.0,2.99,0.738,0.09
2016-07-09,0.0,3.93,0.688,0.0
2016-07-10,0.0,3.6,0.624,0.25
2016-07-11,0.0,2.74,0.604,0.08
2016-07-12,2.58016707464365,2.96,0.722,8.12
2016-07-13,4.049570428545841,2.42,0.73,2.25
2016-07-14,0.27368180791494434,3.38,0.622,2.93
2016-07-15,0.0,3.64,0.536,0.16
2016-07-16,0.0,2.92,0.524,0.0
2016-07-17,0.0,2.71,0.523,0.01
2016-07-18,0.0,3.51,0.518,0.0
2016-07-19,0.00278846706802095,5.12,0.505,0.03
2016-07-20,0.00278846706802095,3.77,0.468,0.37
2016-07-21,0.00278846706802095,3.07,0.456,0.01
2016-07-22,0.00278846706802095,3.28,0.463,0.39
2016-07-23,1.7335319509306055,1.68,0.818,6.5
2016-07-24,0.006506423158715551,4.15,0.521,0.01
2016-07-25,0.0167308024081257,3.23,0.463,0.08
2016-07-26,0.00278846706802095,1.96,0.441,0.02
2016-07-27,0.00278846706802095,1.36,0.438,0.05
2016-07-28,2.8167908381916194,2.68,0.437,2.49
2016-07-29,0.3915403842220436,1.71,0.525,0.37
2016-07-30,0.07235249354957325,1.68,0.424,0.13
2016-07-31,0.025096203612188554,3.71,0.43,0.57
2016-08-01,0.173668696596334,1.93,0.397,0.61
2016-08-02,23.590946705672504,0.24,1.19,17.52
2016-08-03,16.895241704510404,0.02,1.58,13.9
2016-08-04,0.0,1.69,0.993,0.03
2016-08-05,0.09891770559292445,2.09,0.66,4.46
2016-08-06,0.00278846706802095,2.72,0.521,0.03
2016-08-07,0.0,2.09,0.469,0.01
2016-08-08,0.01208335729475745,3.22,0.452,0.0
2016-08-09,0.2234565779149314,2.84,0.431,2.46
2016-08-10,4.8450597875522945,1.01,0.812,7.8
2016-08-11,5.431182188558766,0.36,0.747,5.15
2016-08-12,0.0055769341360419,2.17,0.548,0.18
2016-08-13,0.0037179560906946004,3.03,0.457,0.01
2016-08-14,0.0055769341360419,2.65,0.428,0.0
2016-08-15,0.00278846706802095,4.06,0.409,0.02
2016-08-16,0.0,3.94,0.393,0.07
2016-08-17,0.0,3.7,0.392,0.08
2016-08-18,0.0,2.42,0.383,0.04
2016-08-19,0.9267455960797386,1.12,0.388,1.95
2016-08-20,0.4912624410634452,2.43,0.427,0.67
2016-08-21,3.0362828057016884,1.48,0.604,6.54
2016-08-22,1.5086888238545595,3.25,0.485,1.57
2016-08-23,0.01951926947614665,3.44,0.406,0.01
2016-08-24,0.0,3.75,0.366,3.14
2016-08-25,0.0,3.42,0.354,0.02
2016-08-26,0.030673137748230453,2.49,0.342,0.08
2016-08-27,2.6938241431907644,3.03,0.376,10.67
2016-08-28,0.02137824752149395,1.75,0.409,0.03
2016-08-29,3.578615152340091,2.15,0.504,2.36
2016-08-30,0.0,2.9,0.381,0.0
2016-08-31,0.0,2.08,0.343,0.02
2016-09-01,0.0,1.56,0.328,0.01
2016-09-02,1.1488828043160315,0.84,0.328,4.26
2016-09-03,0.7091341286891548,2.1,0.36,0.18
2016-09-04,4.858845518357331,0.73,0.464,5.24
2016-09-05,0.0896992180583889,1.47,0.369,0.04
2016-09-06,0.1802515224472505,0.88,0.343,0.26
2016-09-07,0.07382150198073589,2.63,0.354,0.0
2016-09-08,0.0,2.05,0.321,0.0
2016-09-09,0.0,1.87,0.318,0.0
2016-09-10,0.0037179560906946004,1.99,0.301,0.02
2016-09-11,0.5693802978968475,1.26,0.307,0.19
2016-09-12,0.0,1.94,0.323,0.0
2016-09-13,0.0055769341360419,1.87,0.302,0.0
2016-09-14,0.00836540120406285,1.93,0.277,0.0
2016-09-15,2.3532832294711046,1.39,0.292,2.67
2016-09-16,1.408704736160919,1.33,0.352,2.5
2016-09-17,0.006506423158715551,0.72,0.381,0.02
2016-09-18,0.0,1.77,0.335,0.0
2016-09-19,0.325959145671174,1.24,0.316,0.7
2016-09-20,0.0,1.34,0.309,0.03
2016-09-21,0.0,1.41,0.301,0.06
2016-09-22,0.00844180389626381,0.99,0.297,0.13
2016-09-23,0.0,1.03,0.297,0.06
2016-09-24,0.0,1.72,0.311,0.01
2016-09-25,0.1929995369246935,0.4,0.293,0.82
2016-09-26,0.010130164675516569,0.76,0.296,0.13
2016-09-27,0.0,1.43,0.308,0.0
2016-09-28,0.0055769341360419,1.29,0.302,0.07
2016-09-29,1.9069695398750037,0.35,0.316,0.88
2016-09-30,0.3005282187069916,0.55,0.353,0.28
2016-10-01,0.7845675887569425,0.53,0.343,2.22
2016-10-02,2.833778427328333,0.0,0.39,4.24
2016-10-03,0.021948690130285903,0.74,0.383,0.05
2016-10-04,0.0,1.15,0.335,0.0
2016-10-05,0.0,1.48,0.342,0.08
2016-10-06,0.020260329351033137,1.59,0.338,0.01
2016-10-07,0.0,0.78,0.34,0.0
2016-10-08,0.059092627273846655,0.96,0.36,0.0
2016-10-09,0.06246934883235218,0.65,0.359,0.04
2016-10-10,1.3112357839815636,0.22,0.347,2.36
2016-10-11,0.015195247013274854,0.59,0.38,0.02
2016-10-12,1.0773589850768233,0.68,0.378,0.32
2016-10-13,0.0,1.09,0.394,0.03
2016-10-14,7.591884874344332,0.82,0.393,7.41
2016-10-15,8.391852595129263,0.56,1.13,7.2
2016-10-16,1.205781186631969,0.47,0.446,1.4
2016-10-17,2.6724823318868522,0.15,0.545,5.09
2016-10-18,3.244526413679872,0.04,0.528,4.39
2016-10-19,14.994640607594938,0.09,1.06,13.3
2016-10-20,7.679323389439341,0.29,0.88,6.94
2016-10-21,0.9684461083110916,0.23,0.595,0.94
2016-10-22,0.8785762729866081,0.24,0.463,0.57
2016-10-23,0.0,0.28,0.42,1.01
2016-10-24,0.1718097185509867,0.19,0.422,0.54
2016-10-25,0.0,0.2,0.419,0.18
2016-10-26,0.0,0.08,0.404,0.04
2016-10-27,0.0,0.2,0.411,0.11
2016-10-28,0.0,0.22,0.41,0.03
2016-10-29,0.0,0.12,0.393,0.01
2016-10-30,0.0,0.19,0.44,0.25
2016-10-31,0.0,0.01,0.399,0.0
2016-11-01,0.00844180389626381,0.17,0.423,0.0
2016-11-02,0.0037179560906946004,0.1,0.432,0.45
2016-11-03,1.510614348863595,0.1,0.465,1.24
2016-11-04,1.3764018284439443,0.12,0.471,2.24
2016-11-05,1.0803054126946767,0.01,0.511,0.7
2016-11-06,1.2787763684800209,0.13,0.523,1.43
2016-11-07,2.6601584658139945,0.03,0.514,1.64
2016-11-08,0.09518193762053723,0.1,0.499,0.43
2016-11-09,16.726099383297534,0.03,1.12,14.4
2016-11-10,1.6646227259032258,0.13,0.985,1.93
2016-11-11,1.2772080792677543,0.12,0.728,1.45
2016-11-12,0.7879930453974435,0.4,0.539,1.84
2016-11-13,0.5936918617175844,0.13,0.562,0.04
2016-11-14,0.9946799415507666,0.09,0.516,1.47
2016-11-15,2.7428169854288296,0.07,0.557,0.31
2016-11-16,16.497144173514098,0.0,2.13,19.35
2016-11-17,12.237159313681634,0.0,1.5,12.85
2016-11-18,22.705298097357307,0.0,4.72,18.71
2016-11-19,0.0037179560906946004,0.19,1.79,0.04
2016-11-20,13.176494775961295,1.19,1.14,11.85
2016-11-21,1.9359397605523865,0.06,3.19,3.18
2016-11-22,0.0,0.47,1.2,0.04
2016-11-23,0.7687386077612851,0.0,0.979,1.16
2016-11-24,0.0,0.45,0.839,0.12
2016-11-25,0.0,0.39,0.788,0.01
2016-11-26,0.0,0.27,0.754,0.02
2016-11-27,0.5582184734715838,0.1,0.696,0.01
2016-11-28,0.0,0.4,0.653,0.01
2016-11-29,0.0,0.16,0.634,0.01
2016-11-30,0.0,0.1,0.623,0.16
2016-12-01,0.00844180389626381,0.18,0.613,0.02
2016-12-02,0.3231528667214605,0.01,0.649,0.08
2016-12-03,0.0,0.02,0.633,0.06
2016-12-04,0.0,0.14,0.616,0.02
2016-12-05,0.0,0.14,0.596,0.01
2016-12-06,0.0,0.21,0.579,0.04
2016-12-07,0.0,0.29,0.584,0.01
2016-12-08,0.0,0.38,0.581,0.05
2016-12-09,0.0,0.18,0.578,0.01
2016-12-10,0.0,0.0,0.599,0.01
2016-12-11,1.5895562684024998,0.0,0.611,2.18
2016-12-12,0.2097889301433275,0.03,0.584,0.36
2016-12-13,3.0924224941774865,0.11,0.765,3.74
2016-12-14,0.0,0.0,0.619,0.02
2016-12-15,0.0,0.0,0.598,0.02
2016-12-16,0.0,0.17,0.599,0.23
2016-12-17,0.0,0.08,0.565,0.01
2016-12-18,0.0,0.09,0.554,0.0
2016-12-19,0.025172606304389507,0.25,0.572,0.01
2016-12-20,0.0,0.0,0.567,0.0
2016-12-21,3.5182893248501004,0.31,0.56,3.58
2016-12-22,7.626661326192578,0.1,1.32,6.79
2016-12-23,0.2169600104847286,0.02,0.802,0.21
2016-12-24,0.410529990018214,0.0,0.773,0.12
2016-12-25,0.3885812998879281,0.0,0.7,0.0
2016-12-26,3.0221343182903238,0.0,0.875,2.13
2016-12-27,0.0,0.0,0.693,0.01
2016-12-28,0.14764300396147179,0.2,0.677,0.03
2016-12-29,0.0,0.1298830213903743,0.673,2.67
2016-12-30,0.22146450594220768,0.07,0.634,0.19
2016-12-31,0.0,0.19,0.65,0.0
2017-01-01,0.05175092966635104,0.14076537433155079,0.651,0.36
2017-01-02,3.4116610195072856,0.0,0.746,2.8
2017-01-03,0.0,0.22,0.703,0.18
2017-01-04,4.469993419009788,0.0,0.855,1.85
2017-01-05,0.08395166665625246,0.06,0.828,0.04
2017-01-06,0.0,0.15,0.708,0.05
2017-01-07,0.8460797809564156,0.28,0.702,0.5
2017-01-08,0.23302615571016877,0.07,0.753,0.2
2017-01-09,7.1422109190566525,0.14028409090909089,0.773,6.43
2017-01-10,1.0551553188350622,0.0,1.59,0.88
2017-01-11,0.9424560394396146,0.28,1.1,0.27
2017-01-12,15.047543456305709,0.1,1.65,15.89
2017-01-13,16.961877480899922,0.04,7.2,13.78
2017-01-14,2.453731246335229,0.08,4.15,4.27
2017-01-15,5.878932965222809,0.01,2.93,4.88
2017-01-16,0.22146450594220768,0.01,2.25,0.04
2017-01-17,0.0,0.1,1.64,0.01
2017-01-18,0.0,0.01,1.31,0.08
2017-01-19,0.0,0.24,1.16,0.17
2017-01-20,0.0,0.53,1.02,0.04
2017-01-21,0.0,0.1,0.952,0.0
2017-01-22,0.0,0.05,0.883,0.01
2017-01-23,0.0,0.34,0.854,0.01
2017-01-24,0.0,0.26,0.852,0.0
2017-01-25,0.0,0.25,0.844,0.02
2017-01-26,0.0,0.29,0.829,0.0
2017-01-27,0.0,0.66,0.808,0.12
2017-01-28,0.46487770201470124,0.86,0.811,0.09
2017-01-29,6.434505019869845,0.11,0.845,5.9
2017-01-30,5.459140006341078,0.0,2.08,3.09
2017-01-31,0.0,0.23,1.31,0.15
2017-02-01,1.4949072500520366,0.05,1.16,1.91
2017-02-02,0.019672074860548568,0.63,1.18,0.54
2017-02-03,0.6249386976647044,0.55,1.06,0.49
2017-02-04,6.336854782241686,0.0,1.41,0.02
2017-02-05,6.077602205884453,0.07,1.49,8.05
2017-02-06,1.2870813682564628,0.23,2.28,0.06
2017-02-07,1.9212760767944206,0.02,1.6,1.27
2017-02-08,0.5612717723795928,0.0,1.47,0.0
2017-02-09,0.15043147102949272,0.12,1.29,0.03
2017-02-10,0.08869332634351429,0.15,1.17,0.06
2017-02-11,0.14764300396147179,0.16,1.11,0.16
2017-02-12,0.14764300396147179,0.16,1.04,0.05
2017-02-13,0.0,0.88,0.982,0.02
2017-02-14,0.0,0.58,0.899,0.0
2017-02-15,0.0,0.88,0.878,0.02
2017-02-16,0.0,0.06,0.859,0.03
2017-02-17,0.5047824386160775,0.04,0.856,0.67
2017-02-18,0.0,0.27,0.864,0.0
2017-02-19,0.0,0.34,0.804,0.04
2017-02-20,1.078820037354806,0.0,0.825,0.13
2017-02-21,2.0521751670291564,0.0,0.894,0.5
2017-02-22,3.116428901831768,0.08,0.939,3.2
2017-02-23,0.961400165743887,1.3,1.18,1.49
2017-02-24,2.608722548042612,0.21,0.977,2.92
2017-02-25,0.0,0.98,0.898,0.02
2017-02-26,0.006506423158715551,0.7,0.888,0.45
2017-02-27,14.712576399048434,0.49,2.52,15.02
2017-02-28,4.314475254610179,0.75,2.3,3.96
2017-03-01,3.7554525188483376,0.46,2.07,1.83
2017-03-02,0.5939876167578755,1.47,1.77,0.51
2017-03-03,0.1960350239510099,0.65,1.38,0.33
2017-03-04,2.549276029520314,0.0,1.4,3.0
2017-03-05,8.006582825850916,0.06,1.7,7.31
2017-03-06,5.918900546387708,0.49,2.91,5.63
2017-03-07,0.0,0.59,2.1,0.02
2017-03-08,12.005831008835102,0.0,2.72,9.14
2017-03-09,0.5501666391895046,0.63,3.05,0.25
2017-03-10,0.0,1.17,1.85,0.06
2017-03-11,0.0,1.31,1.53,0.03
2017-03-12,0.0,1.09,1.34,0.07
2017-03-13,0.0,0.84,1.15,0.04
2017-03-14,0.0,0.64,1.07,0.01
2017-03-15,0.0,1.19,1.02,0.07
2017-03-16,0.0,1.7,0.991,0.0
2017-03-17,0.4035473388246001,1.74,0.951,0.58
2017-03-18,11.618463286664513,0.22,1.8,10.43
2017-03-19,0.0,0.89,1.27,0.05
2017-03-20,1.672779986502476,0.79,1.11,0.96
2017-03-21,0.0055769341360419,1.37,1.09,0.3
2017-03-22,0.0,1.98,0.971,0.37
2017-03-23,0.0,2.57,0.909,0.05
2017-03-24,0.0,2.07,0.852,0.01
2017-03-25,0.0,4.57,0.839,0.03
2017-03-26,0.0,2.75,0.812,0.01
2017-03-27,0.0,2.07,0.764,0.01
2017-03-28,0.05571590571534114,2.22,0.759,0.0
2017-03-29,0.0,1.46,0.745,0.0
2017-03-30,0.0,3.27,0.741,0.09
2017-03-31,0.275301722155176,1.3,0.759,1.55
2017-04-01,0.5153935318895748,1.14,0.791,1.22
2017-04-02,0.0,1.79,0.686,0.0
2017-04-03,0.0,1.94,0.694,0.03
2017-04-04,0.0,1.21,0.699,0.01
2017-04-05,0.0,1.76,0.683,0.09
2017-04-06,0.0,1.55,0.679,0.05
2017-04-07,0.0,1.81,0.678,0.01
2017-04-08,0.0,2.22,0.677,0.01
2017-04-09,0.0,3.23,0.685,0.03
2017-04-10,0.0,2.13,0.651,0.08
2017-04-11,0.0,1.46,0.611,0.01
2017-04-12,0.0,1.77,0.68,0.11
2017-04-13,0.0,2.2,0.601,0.01
2017-04-14,0.0,1.37,0.67,0.02
2017-04-15,2.294015284368081,1.16,0.668,2.14
2017-04-16,0.4276296945687342,2.27,0.662,0.84
2017-04-17,1.6641108741049422,2.18,0.672,1.43
2017-04-18,1.2035374830960874,2.28,0.665,2.63
2017-04-19,0.07382150198073589,3.25,0.633,0.05
2017-04-20,0.0,2.14,0.599,0.01
2017-04-21,0.0,1.12,0.599,0.02
2017-04-22,0.1620873353713474,1.57,0.616,0.0
2017-04-23,0.0,2.15,0.64,0.0
2017-04-24,0.8945936831300527,1.62,0.569,1.35
2017-04-25,0.4789222080818795,2.67,0.636,1.43
2017-04-26,3.7848099971103757,1.81,0.683,5.21
2017-04-27,0.3764018284439442,1.76,0.63,0.48
2017-04-28,0.2684765769090463,1.77,0.587,0.78
2017-04-29,0.0,2.44,0.566,0.01
2017-04-30,0.0,3.79,0.551,0.08
2017-05-01,0.5435252225280798,1.1,0.537,0.46
2017-05-02,2.142253142958453,1.08,0.525,1.24
2017-05-03,6.05529356792787,0.65,0.802,6.55
2017-05-04,3.267089215293735,1.61,0.689,2.88
2017-05-05,0.0,1.4,0.577,0.01
2017-05-06,0.0,3.09,0.58,0.01
2017-05-07,0.0,0.66,0.514,0.02
2017-05-08,0.798474300333662,0.87,0.504,0.1
2017-05-09,0.0,3.71,0.487,0.03
2017-05-10,0.0,3.52,0.481,0.01
2017-05-11,3.0915250154762526,2.89,0.74,12.42
2017-05-12,1.8822764171956101,2.4,0.612,3.34
2017-05-13,0.36075802100597637,1.68,0.485,0.79
2017-05-14,0.5938981027470642,2.88,0.46,2.34
2017-05-15,0.0,2.93,0.423,0.66
2017-05-16,0.0,4.16,0.402,0.01
2017-05-17,0.7545539530259671,5.03,0.398,0.96
2017-05-18,6.4962933446108035,1.04,0.545,8.54
2017-05-19,1.2721120737296931,1.52,0.624,1.8
2017-05-20,1.0731864119835888,3.12,0.486,1.47
2017-05-21,0.0,2.72,0.414,0.0
2017-05-22,0.0,4.48,0.392,0.0
2017-05-23,0.0,3.41,0.375,0.06
2017-05-24,0.0,4.11,0.372,0.14
2017-05-25,0.0,5.57,0.368,0.01
2017-05-26,0.0,5.61,0.367,0.12
2017-05-27,0.0,4.67,0.361,0.03
2017-05-28,1.2073056192417622,4.02,0.44,5.12
2017-05-29,3.174324585171643,3.53,0.393,9.2
2017-05-30,0.0,1.84,0.516,0.01
2017-05-31,0.0,2.94,0.407,0.04
2017-06-01,0.0,3.63,0.403,0.04
2017-06-02,0.36127972853277274,3.62,0.407,1.66
2017-06-03,0.0,2.37,0.409,0.2
2017-06-04,0.0,2.98,0.42,0.01
2017-06-05,0.006506423158715551,4.44,0.41,0.42
2017-06-06,5.156450909012381,3.06,0.587,6.64
2017-06-07,0.0,3.6,0.422,0.11
2017-06-08,0.09755276746416813,4.1,0.386,0.42
2017-06-09,19.20866558791381,3.27,1.41,18.92
2017-06-10,0.0,5.13,0.351,0.03
2017-06-11,0.0,4.6,0.317,0.03
2017-06-12,0.0,1.93,0.303,0.02
2017-06-13,0.0,2.97,0.291,0.01
2017-06-14,0.0,4.7,0.292,0.04
2017-06-15,0.0,4.53,0.276,0.04
2017-06-16,0.00278846706802095,3.36,0.257,0.14
2017-06-17,0.0055769341360419,3.64,0.252,0.06
2017-06-18,0.00278846706802095,5.05,0.254,0.1
2017-06-19,0.00278846706802095,4.87,0.257,0.13
2017-06-20,0.0,4.82,0.211,0.05
2017-06-21,0.0,4.48,0.212,0.13
2017-06-22,0.0,3.96,0.208,0.58
2017-06-23,0.0,4.27,0.219,0.05
2017-06-24,0.00844180389626381,0.95,0.233,0.25
2017-06-25,0.24191326444102798,2.81,0.248,0.12
2017-06-26,0.0,4.62,0.257,0.02
2017-06-27,0.15600840516553463,2.11,0.232,1.63
2017-06-28,0.0278846706802095,1.12,0.22,0.19
2017-06-29,0.6225646122309758,2.3,0.245,0.29
2017-06-30,0.0,1.28,0.236,0.19
2017-07-01,16.457478769611463,1.65,0.973,18.15
2017-07-02,0.5699638518242498,1.93,0.298,0.05
2017-07-03,0.0,3.53,0.259,0.34
2017-07-04,0.0,2.31,0.238,0.0
2017-07-05,0.0,4.73,0.232,0.01
2017-07-06,6.057058331399324,2.66,0.459,10.12
2017-07-07,0.0,4.43,0.26,0.06
2017-07-08,0.0,3.32,0.216,0.21
2017-07-09,0.0,4.75,0.202,0.06
2017-07-10,1.6771934340179393,1.57,0.214,3.95
2017-07-11,1.1189310149856624,1.85,0.221,2.59
2017-07-12,6.686680097940782,2.89,0.54,7.95
2017-07-13,0.0,3.9,0.222,0.14
2017-07-14,1.202684396765615,2.03,0.244,0.39
2017-07-15,0.0,2.45,0.234,0.16
2017-07-16,0.0,1.44,0.208,0.03
2017-07-17,0.7958174822200328,3.74,0.253,0.67
2017-07-18,0.0,6.99,0.208,0.09
2017-07-19,1.6240730435761899,4.07,0.177,4.53
2017-07-20,2.298841846461292,2.32,0.223,1.78
2017-07-21,0.0,3.5,0.218,0.03
2017-07-22,3.452511612040043,1.98,0.178,4.64
2017-07-23,0.2461641398017964,2.07,0.295,3.05
2017-07-24,5.944139699655786,1.83,0.55,11.66
2017-07-25,0.05142750701585459,2.74,0.246,0.68
2017-07-26,0.08610639974189084,2.51,0.21,0.0
2017-07-27,0.10542412875164,2.29,0.202,0.03
2017-07-28,0.21487182436277844,1.78,0.189,1.26
2017-07-29,0.0,1.49,0.184,0.07
2017-07-30,1.140744711613239,2.92,0.186,1.53
2017-07-31,0.013506886234022093,2.86,0.179,0.11
2017-08-01,0.0,1.76,0.169,0.06
2017-08-02,1.9024191103232784,1.05,0.169,5.85
2017-08-03,4.175841241563665,3.78,0.356,9.6
2017-08-04,0.23876385138379247,2.66,0.224,0.42
2017-08-05,1.737402168845134,1.76,0.19,5.77
2017-08-06,0.0,2.87,0.221,0.04
2017-08-07,0.0,3.41,0.178,0.02
2017-08-08,10.896382858621616,0.84,0.614,14.32
2017-08-09,0.0,3.89,0.334,0.11
2017-08-10,4.03434742496414,0.18,0.279,6.0
2017-08-11,0.023637050909538666,2.55,0.292,0.15
2017-08-12,1.546008078827297,1.05,0.251,2.68
2017-08-13,0.018571968571780378,1.27,0.238,0.05
2017-08-14,0.0,3.21,0.201,0.0
2017-08-15,7.579980991881265,1.75,0.561,18.16
2017-08-16,0.0,2.37,0.246,0.02
2017-08-17,1.9439212487201116,0.88,0.275,4.71
2017-08-18,3.1868120235810804,1.77,0.423,9.51
2017-08-19,0.4403777090461772,1.7,0.295,3.52
2017-08-20,0.0,2.19,0.234,0.14
2017-08-21,0.6068832814542899,1.98,0.187,1.57
2017-08-22,0.018571968571780378,2.04,0.188,0.03
2017-08-23,0.0,2.44,0.18,0.07
2017-08-24,0.0,1.86,0.188,0.01
2017-08-25,0.0,1.98,0.182,0.06
2017-08-26,0.026025692634862204,2.11,0.161,0.01
2017-08-27,0.0,2.56,0.163,0.09
2017-08-28,0.0,2.22,0.166,0.01
2017-08-29,0.0,3.03,0.15,0.04
2017-08-30,16.580589323472903,-0.0,0.697,22.91
2017-08-31,4.902554550636056,1.45,0.643,6.23
2017-09-01,6.83784229513746,0.8,0.378,10.26
2017-09-02,0.0,0.36,0.39,0.5
2017-09-03,0.0,2.0,0.221,0.03
2017-09-04,0.00278846706802095,0.98,0.23,0.27
2017-09-05,0.17849001456589436,1.1,0.244,0.64
2017-09-06,0.7074537240630818,1.2,0.231,0.76
2017-09-07,0.0,1.16,0.165,0.0
2017-09-08,6.3623423114828235,0.11,0.314,6.29
2017-09-09,11.016097068425744,1.01,0.912,11.13
2017-09-10,0.40508289421945093,1.38,0.318,0.16
2017-09-11,9.78425682282271,0.28,0.451,10.87
2017-09-12,0.48837975942153067,1.35,0.423,0.79
2017-09-13,2.5164237466663377,1.35,0.341,3.84
2017-09-14,7.975797750605319,0.36,0.494,7.94
2017-09-15,2.6569075145484735,1.04,0.435,2.95
2017-09-16,1.6473036690046157,0.5,0.272,1.31
2017-09-17,0.0,0.66,0.265,0.92
2017-09-18,7.642649169150486,0.25,0.286,8.86
2017-09-19,4.769035718816341,0.86,0.662,5.29
2017-09-20,0.0,0.61,0.275,0.0
2017-09-21,0.0,1.47,0.25,0.11
2017-09-22,0.00278846706802095,0.87,0.231,0.22
2017-09-23,0.00844180389626381,1.07,0.231,0.25
2017-09-24,0.0,1.09,0.225,0.05
2017-09-25,0.0,1.31,0.216,0.04
2017-09-26,0.07382150198073589,0.79,0.221,0.02
2017-09-27,0.0,0.89,0.229,0.24
2017-09-28,1.0203723558066193,0.47,0.243,1.63
2017-09-29,2.848189123508376,0.96,0.24,4.06
2017-09-30,10.097696991968883,0.31,0.662,7.16
2017-10-01,0.032343686645790584,0.91,0.354,1.56
2017-10-02,5.051937913841154,1.19,0.241,8.49
2017-10-03,0.7630088682408412,0.49,0.517,1.09
2017-10-04,0.0,0.76,0.264,0.1
2017-10-05,2.0983083836306498,0.81,0.294,1.5
2017-10-06,1.4500091332420204,0.43,0.34,2.82
2017-10-07,5.4915502399505565,0.34,0.337,5.41
2017-10-08,0.15887327492575654,0.65,0.519,0.63
2017-10-09,0.1807455623638415,0.54,0.305,0.11
2017-10-10,0.06863453745887865,0.5,0.287,0.31
2017-10-11,0.0,1.01,0.274,0.03
2017-10-12,0.0,0.42,0.261,0.15
2017-10-13,0.11891320310396947,0.56,0.255,0.03
2017-10-14,0.0,0.22,0.26,0.08
2017-10-15,0.0,0.48,0.262,0.07
2017-10-16,0.10291360484221751,0.92,0.27,1.33
2017-10-17,0.0,0.12,0.239,0.0
2017-10-18,0.0,0.33,0.245,0.04
2017-10-19,0.6264203628121292,0.95,0.286,0.96
2017-10-20,7.265997974362843,0.61,0.512,5.98
2017-10-21,2.6931865210994963,0.88,0.374,3.06
2017-10-22,9.873519235760252,0.45,0.865,7.93
2017-10-23,0.8747608467319224,0.32,0.336,0.05
2017-10-24,0.4953379985950368,0.14,0.348,1.15
2017-10-25,0.026425517977559616,0.09,0.322,0.0
2017-10-26,3.3382019084887493,0.11,0.305,0.0
2017-10-27,0.40382202639310094,0.3,0.389,0.21
2017-10-28,0.0,0.29,0.314,0.0
2017-10-29,2.276907623664381,0.51,0.387,1.33
2017-10-30,0.1860576646598953,0.27,0.319,0.18
2017-10-31,0.0,0.38,0.321,0.44
2017-11-01,0.0,0.57,0.241,3.1
2017-11-02,0.0,0.09,0.337,0.14
2017-11-03,0.0,0.25,0.282,0.0
2017-11-04,1.2753669131040997,0.0,0.286,1.87
2017-11-05,4.7871807379957865,0.03,0.514,6.82
2017-11-06,4.3491659026400615,0.23,0.544,2.69
2017-11-07,0.0,0.21,0.332,0.02
2017-11-08,0.050345212608779014,0.22,0.335,0.6
2017-11-09,0.37262718111807414,0.31,0.374,0.13
2017-11-10,2.6619851646442743,0.02,0.375,1.83
2017-11-11,3.9875477405628486,0.13,0.572,3.89
2017-11-12,12.876083560958879,0.29,0.996,14.25
2017-11-13,3.3649146817928512,0.0,1.08,3.71
2017-11-14,0.0,0.29,0.485,0.28
2017-11-15,0.3963893698018094,0.16,0.431,0.55
2017-11-16,0.7893401716445073,0.13,0.384,0.66
2017-11-17,0.07920015124047788,0.01,0.379,0.05
2017-11-18,1.6859372274487812,0.32,0.381,0.5
2017-11-19,0.011818525454769333,0.0,0.427,0.0
2017-11-20,8.94825196027962,0.05,0.51,4.24
2017-11-21,6.9974052062034175,0.19,1.3,3.19
2017-11-22,0.0,0.83,0.61,0.0
2017-11-23,1.7933473715952981,1.01,0.509,1.54
2017-11-24,16.369090152624338,0.12,1.16,16.75
2017-11-25,2.0938526232551666,0.05,1.45,2.21
2017-11-26,0.023978285441727736,0.0,0.73,0.2
2017-11-27,16.831745942070924,0.0,1.94,16.64
2017-11-28,0.6133039007946399,0.0,1.42,0.97
2017-11-29,8.68578433310616,0.02,1.55,6.76
2017-11-30,15.036524581536334,0.09,2.6,16.71
2017-12-01,1.1811440316917743,0.05,1.84,0.01
2017-12-02,0.0,0.18,1.0,0.01
2017-12-03,1.679541385772667,0.13995855614973263,0.851,1.11
2017-12-04,0.5715547424395114,0.05,0.91,0.14
2017-12-05,0.0,0.22,0.739,0.06
2017-12-06,0.0,0.23,0.671,0.01
2017-12-07,6.830262555264605,0.07,0.878,6.22
2017-12-08,0.32418452647120755,0.0,1.02,0.56
2017-12-09,0.6427972739718036,0.09,0.728,0.75
2017-12-10,13.529668147445774,0.02,2.84,13.84
2017-12-11,23.202125523751953,0.0,4.02,21.26
2017-12-12,7.259147962494259,0.0,4.04,5.77
2017-12-13,27.362913669069627,0.0,8.53,16.63
2017-12-14,3.9658057460643903,0.0,8.61,4.82
2017-12-15,1.2097110824781419,0.0,3.11,0.28
2017-12-16,3.235937860977054,0.0,2.17,2.78
2017-12-17,3.8044083813082534,0.11,1.61,4.45
2017-12-18,1.363530575767638,0.0,2.25,1.34
2017-12-19,0.0,0.06,1.49,0.03
2017-12-20,0.8001218821840991,0.11807916348357525,1.31,0.0
2017-12-21,2.987827128694432,0.11141520244461421,1.32,1.88
2017-12-22,1.1331578936227806,0.11516520244461419,1.44,0.01
2017-12-23,0.01123027096428476,0.0,1.25,0.1
2017-12-24,0.0,0.19,1.15,0.0
2017-12-25,0.15414942712018734,0.31,1.06,0.04
2017-12-26,2.7891433317411924,0.21,1.18,1.99
2017-12-27,5.950218718819818,0.19,1.64,5.28
2017-12-28,0.07382150198073589,0.0,1.77,0.11
2017-12-29,4.932566383542199,0.0,1.69,4.24
2017-12-30,5.9018379105735574,0.31,1.98,5.35
2017-12-31,18.400721714061987,0.0,7.1,18.8
2018-01-01,6.47572116999668,0.0,5.58,6.35
2018-01-02,3.986005673987802,0.03,3.61,2.62
2018-01-03,11.835513989258377,0.88,6.53,11.92
2018-01-04,6.322231333851967,0.26,3.74,7.24
2018-01-05,1.9396366491712906,0.0,2.87,2.36
2018-01-06,0.38397933426645786,0.08,2.01,0.31
2018-01-07,0.0,0.62,1.6,0.01
2018-01-08,0.0,0.38,1.4,0.02
2018-01-09,0.0,0.07,1.3,0.02
2018-01-10,6.555960124685887,0.0,1.74,6.08
2018-01-11,0.05161593616364174,0.1,1.45,0.13
2018-01-12,0.0,0.06,1.23,0.0
2018-01-13,0.0,0.04,1.19,0.02
2018-01-14,0.0,0.0,1.11,0.1
2018-01-15,11.030428017365269,0.0,1.84,10.47
2018-01-16,0.4230178732187512,0.32,2.69,0.32
2018-01-17,0.00844180389626381,0.54,1.52,0.29
2018-01-18,6.163499563609116,0.49,1.64,3.63
2018-01-19,0.9961648622882888,0.0,1.93,1.31
2018-01-20,5.4050196028458615,0.0,2.12,5.18
2018-01-21,7.342616800977197,0.04,2.15,7.7
2018-01-22,1.3208275163697278,0.05,3.88,0.03
2018-01-23,0.24595464318221902,0.1,1.97,0.12
2018-01-24,3.2120688010031633,0.74,1.7,2.62
2018-01-25,0.5146069925227903,0.0,1.91,0.93
2018-01-26,0.0,0.0,1.48,0.01
2018-01-27,0.4571572465362984,0.23,1.3,0.67
2018-01-28,0.24017942416987723,0.23,1.27,0.03
2018-01-29,1.1992687958536263,0.3,1.19,0.79
2018-01-30,0.07660996904875685,0.11,1.19,0.24
2018-01-31,8.685172121197915,0.0,2.12,7.69
2018-02-01,1.563702549048497,0.16,1.9,1.61
2018-02-02,7.9096333237711764,0.0,3.01,8.61
2018-02-03,2.369432288568941,0.08,2.38,2.08
2018-02-04,0.34188559683082265,0.86,1.91,0.14
2018-02-05,0.01123027096428476,0.51,1.55,0.07
2018-02-06,0.0,0.34,1.36,0.06
2018-02-07,0.0,0.63,1.23,0.02
2018-02-08,0.0,0.49,1.12,0.04
2018-02-09,3.171918944018824,0.34,1.12,2.29
2018-02-10,4.645514493513054,0.69,1.65,3.08
2018-02-11,4.767292655335466,0.5,1.95,4.55
2018-02-12,0.0822633058769997,0.47,1.63,0.04
2018-02-13,0.0,1.14,1.38,0.04
2018-02-14,0.4918895749074126,1.08,1.23,0.83
2018-02-15,2.8455191940761364,0.32,1.6,2.59
2018-02-16,0.0,0.21,1.26,0.01
2018-02-17,0.0,0.48,1.18,0.01
2018-02-18,0.0,0.52,1.11,0.01
2018-02-19,0.8875477405628482,0.17,1.07,1.29
2018-02-20,0.0,0.45,1.04,0.18
2018-02-21,0.0,0.49,0.964,0.1
2018-02-22,0.0,1.3,0.973,0.16
2018-02-23,0.0,1.43,0.905,0.01
2018-02-24,0.0,2.85,0.857,0.0
2018-02-25,0.0,2.34,0.826,0.0
2018-02-26,0.0,1.44,0.783,0.07
2018-02-27,0.010130164675516569,1.37,0.765,0.04
2018-02-28,0.0,2.2,0.745,0.02
2018-03-01,0.0,4.04,0.742,0.72
2018-03-02,1.130314091334349,1.85,0.768,5.35
2018-03-03,0.08032792513945144,0.84,0.786,0.37
2018-03-04,5.661024752421297,0.33,0.977,0.0
2018-03-05,0.44292901188441536,0.58,1.08,0.12
2018-03-06,0.0,0.69,0.904,0.03
2018-03-07,2.9584668494446444,0.12,1.01,3.44
2018-03-08,5.382472802496578,0.45,1.39,4.12
2018-03-09,2.5088448848290588,0.27,1.16,2.8
2018-03-10,2.368407228957609,0.16,1.32,1.42
2018-03-11,22.89390208962542,1.03,7.93,23.03
2018-03-12,2.3620353446992546,0.67,3.39,3.31
2018-03-13,4.800913576716314,0.0,2.86,4.09
2018-03-14,0.0,1.1604801693404634,2.04,0.12
2018-03-15,3.4847203941413443,1.1864260249554368,1.95,5.17
2018-03-16,0.8752905104118985,1.1938591800356506,1.88,0.56
2018-03-17,0.04399159483446539,1.2444407308377898,1.5,0.05
2018-03-18,0.16158533930157654,1.2944507575757578,1.31,0.32
2018-03-19,0.07382150198073589,1.3316098484848486,1.15,0.08
2018-03-20,0.4345537549518398,1.4128030303030306,1.01,0.15
2018-03-21,0.0,1.447007575757576,1.0,0.0
2018-03-22,5.958551751850594,1.5093939393939395,1.42,6.6
2018-03-23,0.0,1.5326704545454546,1.29,0.02
2018-03-24,0.0,1.579034090909091,1.11,0.15
2018-03-25,0.0,1.6223295454545452,0.995,0.01
2018-03-26,0.0,1.65375,0.955,0.49
2018-03-27,7.564858079515896,1.7350227272727274,1.24,6.24
2018-03-28,5.882333108430787,1.7907045454545454,1.89,6.14
2018-03-29,1.0062594032004202,1.7931477272727272,1.62,1.03
2018-03-30,3.926871724224572,1.8090568181818178,1.53,4.16
2018-03-31,0.45922436518645837,1.8048054812834222,1.56,1.02
2018-04-01,0.8892309461766705,1.8275394385026738,1.37,0.78
2018-04-02,1.111001062887682,1.8260755347593582,1.27,1.77
2018-04-03,2.9203207307786547,1.8291804812834227,1.26,4.26
2018-04-04,2.093763563846703,1.8319077540106954,1.37,2.62
2018-04-05,0.9101967116392049,0.0,1.21,1.28
2018-04-06,0.0,0.49,1.08,0.06
2018-04-07,0.0,0.68,1.01,0.04
2018-04-08,0.5228374002241439,0.0,0.996,4.19
2018-04-09,2.606972795465101,1.8978308823529415,0.927,6.82
2018-04-10,1.5059265794237593,0.14,1.12,4.19
2018-04-11,0.0,0.02,1.0,0.27
2018-04-12,0.7630543477327392,2.011875,0.934,1.42
2018-04-13,0.0,0.0,0.924,0.02
2018-04-14,8.479499072912649,0.0,1.07,5.76
2018-04-15,0.8127592262207205,0.0,1.49,1.29
2018-04-16,0.0,0.07,1.04,0.03
2018-04-17,0.0,1.32,0.935,0.02
2018-04-18,0.0,0.19,0.826,0.01
2018-04-19,0.0,0.0,0.744,0.01
2018-04-20,0.0,2.5334692513368986,0.765,0.16
2018-04-21,0.0,2.49769385026738,0.765,0.13
2018-04-22,0.17788069260361958,2.54293449197861,0.726,2.53
2018-04-23,0.0,2.5444852941176475,0.705,0.0
2018-04-24,0.08779476052114361,0.13,0.697,0.19
2018-04-25,0.36268544559034477,1.48,0.71,0.17
2018-04-26,0.23240553304639652,2.69,0.673,0.83
2018-04-27,0.18986983532448345,2.26,0.664,0.62
2018-04-28,0.0037179560906946004,1.18,0.677,0.17
2018-04-29,7.845988910930841,0.1,0.814,7.53
2018-04-30,10.098995464299891,0.8,1.32,9.74
2018-05-01,0.7376379770601518,2.12,1.15,0.94
2018-05-02,1.2959019300236336,3.14,0.754,1.26
2018-05-03,0.018571968571780378,2.9,0.72,0.02
2018-05-04,0.0,4.01,0.644,0.05
2018-05-05,0.0,5.16,0.613,0.08
2018-05-06,0.0,4.67,0.586,0.11
2018-05-07,0.013012846317431102,4.51,0.558,0.04
2018-05-08,0.0,4.31,0.541,0.0
2018-05-09,0.0,3.58,0.536,0.1
2018-05-10,0.028702133247296948,2.21,0.553,0.16
2018-05-11,0.029743648725556803,3.72,0.506,0.01
2018-05-12,0.0,2.89,0.536,0.06
2018-05-13,3.6192675489547694,0.81,0.68,4.75
2018-05-14,0.0,0.69,0.559,0.01
2018-05-15,0.0,3.13,0.571,0.07
2018-05-16,0.06922279194936322,1.39,0.552,0.49
2018-05-17,0.0,3.89,0.538,0.01
2018-05-18,0.0,3.76,0.521,0.0
2018-05-19,0.0,0.95,0.54,0.01
2018-05-20,0.10954191018503201,4.25,0.551,1.35
2018-05-21,1.7500878823196226,3.3,0.546,6.92
2018-05-22,3.4662240158075686,3.73,0.817,7.74
2018-05-23,4.423658930835526,1.31,0.824,15.12
2018-05-24,4.654247994216563,2.38,1.57,12.53
2018-05-25,0.0,3.4,0.68,0.0
2018-05-26,0.00278846706802095,5.55,0.514,0.16
2018-05-27,0.7100570175734133,3.12,0.458,2.79
2018-05-28,0.0,4.77,0.418,0.01
2018-05-29,0.3116736762235473,1.73,0.4,0.47
2018-05-30,0.0,3.76,0.425,0.02
2018-05-31,13.77216823900783,2.26,0.591,21.84
2018-06-01,4.277219379969252,0.28,2.09,6.42
2018-06-02,0.0,1.44,0.63,0.02
2018-06-03,0.0,4.03,0.479,0.0
2018-06-04,0.0,2.29,0.43,0.1
2018-06-05,0.0,1.52,0.419,0.09
2018-06-06,0.0,4.31,0.41,0.04
2018-06-07,1.9688731466616465,2.76,0.571,8.43
2018-06-08,0.0,3.43,0.432,0.0
2018-06-09,0.0,1.56,0.374,0.0
2018-06-10,0.0,3.9,0.385,0.0
2018-06-11,0.0,4.01,0.372,0.19
2018-06-12,0.0,2.18,0.367,0.04
2018-06-13,0.040520658702066274,3.21,0.374,0.01
2018-06-14,0.00278846706802095,1.63,0.383,1.13
2018-06-15,0.0,4.26,0.381,0.04
2018-06-16,0.0,3.28,0.36,0.1
2018-06-17,0.0,2.13,0.326,0.19
2018-06-18,0.0,1.62,0.371,0.0
2018-06-19,0.0,1.09,0.349,0.01
2018-06-20,0.0,3.58,0.35,0.05
2018-06-21,0.014722231790590418,4.15,0.342,0.0
2018-06-22,0.02355557086494467,5.35,0.326,0.15
2018-06-23,0.014722231790590418,4.17,0.32,0.0
2018-06-24,0.0,4.5,0.316,0.0
2018-06-25,0.0,4.85,0.322,0.2
2018-06-26,0.0,5.54,0.308,0.21
2018-06-27,0.0,5.42,0.305,0.02
2018-06-28,0.0,6.62,0.286,0.1
2018-06-29,0.0,6.12,0.268,0.06
2018-06-30,0.0,6.25,0.271,0.01
2018-07-01,0.0,7.97,0.27,0.13
2018-07-02,0.061833373520479754,7.98,0.232,0.08
2018-07-03,0.18255567420332117,5.64,0.245,0.13
2018-07-04,0.23133342518966798,4.6,0.255,1.14
2018-07-05,0.15605565698025844,5.13,0.261,0.4
2018-07-06,0.22377792321697434,3.73,0.214,0.6
2018-07-07,0.17077788877084885,4.32,0.212,0.01
2018-07-08,0.1442778715477861,5.69,0.21,0.26
2018-07-09,0.1383889788315499,4.19,0.201,0.0
2018-07-10,0.15822221456752766,1.57,0.209,0.1
2018-07-11,0.16377099558751787,3.44,0.22,0.01
2018-07-12,0.06246934883235218,4.6,0.228,0.0
2018-07-13,0.09961328597591293,3.12,0.205,0.04
2018-07-14,0.09961328597591293,4.71,0.207,0.0
2018-07-15,0.09961328597591293,4.8,0.191,0.27
2018-07-16,8.08338980492715,2.75,0.249,6.26
2018-07-17,0.09792492519666017,3.36,0.247,0.02
2018-07-18,0.17558952104228723,2.75,0.172,0.01
2018-07-19,0.1316921407817154,4.09,0.168,0.01
2018-07-20,0.4437169072659646,0.89,0.156,2.06
2018-07-21,0.1316921407817154,3.83,0.192,0.02
2018-07-22,0.1367572231194737,2.95,0.177,0.05
2018-07-23,0.17174642717739608,3.96,0.165,0.04
2018-07-24,0.2190205289964734,3.62,0.151,0.0
2018-07-25,15.415124637778604,4.43,0.762,18.48
2018-07-26,0.11649689376844054,3.64,0.201,0.02
2018-07-27,0.15179966474834664,2.75,0.198,0.24
2018-07-28,3.151406439544065,3.15,0.272,6.38
2018-07-29,0.027013772468044185,3.47,0.175,0.39
2018-07-30,0.057404266494593896,2.4,0.16,0.17
2018-07-31,0.18740804649705656,3.42,0.162,0.15
2018-08-01,0.11818525454769331,4.07,0.151,0.02
2018-08-02,0.09285984285890189,2.4,0.144,0.0
2018-08-03,0.2556980938336485,1.45,0.141,0.03
2018-08-04,0.15655118016412123,4.03,0.141,0.03
2018-08-05,0.09792492519666017,4.67,0.14,0.02
2018-08-06,0.19031839574917642,4.15,0.136,0.14
2018-08-07,5.454227185827153,3.54,0.153,11.11
2018-08-08,3.7748480955232733,2.64,0.581,5.5
2018-08-09,14.45206684297374,0.52,0.685,19.13
2018-08-10,6.054399702668581,2.23,0.458,7.57
2018-08-11,0.0,3.11,0.437,0.11
2018-08-12,0.06358726700281299,4.25,0.17,0.48
2018-08-13,13.970943147465498,0.91,0.526,16.04
2018-08-14,0.0,1.73,0.346,0.06
2018-08-15,0.0,1.31,0.186,0.03
2018-08-16,6.092162720752429,3.05,0.216,12.77
2018-08-17,5.481146832679524,2.8,0.929,5.75
2018-08-18,0.0,1.42,0.234,0.03
2018-08-19,0.0,2.44,0.206,0.01
2018-08-20,0.0,1.3,0.195,0.07
2018-08-21,0.0,2.27,0.196,0.01
2018-08-22,0.0,1.83,0.19,0.03
2018-08-23,0.30086294205898545,1.42,0.187,0.11
2018-08-24,2.415265138525281,1.78,0.187,2.96
2018-08-25,1.770197760463935,1.58,0.334,3.28
2018-08-26,2.8674969078313923,1.24,0.199,4.85
2018-08-27,1.4747739580505328,1.07,0.328,1.1
2018-08-28,0.0,1.86,0.222,0.04
2018-08-29,6.6129662797043975,0.2,0.348,9.36
2018-08-30,0.07382150198073589,1.52,0.355,0.11
2018-08-31,0.0,2.54,0.207,0.05
2018-09-01,0.0,2.72,0.19,0.01
2018-09-02,0.0,2.97,0.186,0.03
2018-09-03,0.0,1.37,0.185,0.17
2018-09-04,0.17459818561900764,1.31,0.196,0.15
2018-09-05,0.014871824362778402,0.86,0.202,0.23
2018-09-06,1.3062331805631997,1.39,0.209,2.77
2018-09-07,2.13127594853031,2.13,0.322,0.97
2018-09-08,0.0,1.36,0.188,0.01
2018-09-09,0.00844180389626381,2.18,0.213,0.04
2018-09-10,0.0,1.67,0.169,0.08
2018-09-11,0.0,1.95,0.165,0.03
2018-09-12,0.8680430273782965,0.45,0.15,2.0
2018-09-13,0.22890041812359688,1.82,0.179,0.03
2018-09-14,0.0,0.91,0.179,0.01
2018-09-15,0.0,1.33,0.17,0.13
2018-09-16,0.03207885480580247,1.66,0.166,0.01
2018-09-17,0.0,1.84,0.16,0.0
2018-09-18,0.0,0.26,0.155,0.04
2018-09-19,0.0,1.370978386809269,0.163,0.01
2018-09-20,0.0,0.68,0.166,0.13
2018-09-21,5.034734227946448,1.63,0.321,5.37
2018-09-22,4.696888110281483,0.22,0.241,4.46
2018-09-23,21.399336609873863,0.3,1.37,22.36
2018-09-24,0.13039049402654973,1.27,0.539,0.07
2018-09-25,0.0,1.27,0.159,0.0
2018-09-26,0.08901674899401074,1.19,0.197,0.39
2018-09-27,0.0,1.25,0.202,0.04
2018-09-28,0.0,1.33,0.213,0.01
2018-09-29,0.0,1.24,0.249,0.08
2018-09-30,0.08181800104240429,1.05,0.203,0.16
2018-10-01,2.6400491312302505,0.98,0.253,3.53
2018-10-02,1.5615398598096788,0.39,0.274,0.68
2018-10-03,0.057404266494593896,1.09,0.249,0.04
2018-10-04,0.0,0.51,0.202,0.0
2018-10-05,0.0,0.86,0.214,0.0
2018-10-06,1.1910529444438678,0.8,0.216,1.72
2018-10-07,0.0223077365441676,1.59,0.278,0.11
2018-10-08,0.0,0.71,0.218,0.0
2018-10-09,0.0,0.56,0.211,0.04
2018-10-10,0.0,0.67,0.227,0.01
2018-10-11,7.655916090166975,0.88,0.233,8.8
2018-10-12,0.0,0.7,0.644,0.09
2018-10-13,0.0,0.78,0.234,0.01
2018-10-14,0.0,1.14,0.199,0.02
2018-10-15,0.0,1.1,0.209,0.03
2018-10-16,0.0,0.63,0.199,0.05
2018-10-17,0.0,0.26,0.21,0.05
2018-10-18,0.0,0.84,0.221,0.04
2018-10-19,0.0,0.54,0.239,0.02
2018-10-20,0.07382150198073589,0.39,0.237,0.01
2018-10-21,0.020260329351033137,0.4,0.214,0.07
2018-10-22,1.4149271595831892,0.94,0.238,0.1
2018-10-23,0.0,0.38,0.238,0.01
2018-10-24,0.08104131740413255,0.33,0.242,0.03
2018-10-25,0.01688360779252762,0.33,0.257,0.0
2018-10-26,1.6578659382378973,0.24,0.32,1.43
2018-10-27,3.962878486342994,0.23,0.415,3.58
2018-10-28,0.0,0.67,0.276,0.01
2018-10-29,0.0,0.42,0.266,0.0
2018-10-30,27.299258851166897,0.03,2.0,26.8
2018-10-31,0.13829277851432453,0.13,0.572,0.31
2018-11-01,1.2076796765495872,0.53,0.319,2.0
2018-11-02,0.30074105987488653,0.07,0.322,0.26
2018-11-03,0.0037179560906946004,0.29,0.282,0.26
2018-11-04,0.0,0.23,0.275,0.0
2018-11-05,0.0,0.16,0.278,0.07
2018-11-06,0.0,0.64,0.308,0.03
2018-11-07,2.0577356452982705,0.0,0.328,2.86
2018-11-08,0.18192532693490823,0.0,0.353,0.12
2018-11-09,0.0,0.15,0.324,0.02
2018-11-10,5.4582948761637855,0.0,0.573,5.99
2018-11-11,2.9970816945947005,0.02,0.564,4.64
2018-11-12,13.289807087511463,0.0,1.23,13.12
2018-11-13,0.021948690130285903,0.0,0.508,0.43
2018-11-14,0.0,0.0,0.36,0.13
2018-11-15,0.0,0.08,0.35,0.01
2018-11-16,0.00278846706802095,0.09,0.344,0.46
2018-11-17,0.0,0.27,0.352,0.0
2018-11-18,0.0,0.68,0.333,0.07
2018-11-19,0.15708364483184686,0.47,0.355,0.39
2018-11-20,0.041126725074243475,0.84,0.317,0.53
2018-11-21,0.0,0.04,0.34,0.02
2018-11-22,0.0,0.07,0.383,0.05
2018-11-23,0.5608086556633048,0.08,0.339,1.18
2018-11-24,5.518030638546179,0.1,0.403,4.7
2018-11-25,0.011818525454769333,0.11,0.565,0.02
2018-11-26,2.1009018214124686,0.08,0.401,1.8
2018-11-27,0.4280552879463041,0.03,0.392,0.84
2018-11-28,4.132699477469575,0.0,0.578,3.94
2018-11-29,2.9167565704429985,0.07,0.679,3.85
2018-11-30,0.0,0.0,0.426,0.08
2018-12-01,2.938634013046514,0.0,0.46,2.19
2018-12-02,10.275511673377103,0.0,1.24,9.81
2018-12-03,6.4676641805491695,0.0,1.3,8.06
2018-12-04,0.13841466069842348,0.0,0.549,0.4
2018-12-05,1.2513004696663255,0.04,0.477,2.07
2018-12-06,1.877650039554032,0.0,0.572,1.31
2018-12-07,7.5261704529078655,0.0,1.04,8.31
2018-12-08,6.405138140481642,0.42,0.994,10.34
2018-12-09,1.6473326926295857,0.24,1.12,2.02
2018-12-10,0.006506423158715551,0.0,0.575,0.1
2018-12-11,0.0,0.14,0.507,0.02
2018-12-12,0.0,0.0,0.456,0.07
2018-12-13,0.15507891614286098,0.0,0.444,0.12
2018-12-14,0.0,0.08,0.42,0.03
2018-12-15,3.614626160419248,0.31,0.429,5.77
2018-12-16,2.044519902499677,0.1,0.768,0.39
2018-12-17,1.402721920104333,0.0,0.566,1.25
2018-12-18,0.0,0.53,0.478,0.13
2018-12-19,1.6115616497679612,0.0,0.509,1.84
2018-12-20,1.4855214008415039,0.0,0.497,2.22
2018-12-21,15.228000407328244,0.26,1.97,16.03
2018-12-22,1.3393587060126926,0.0,0.919,0.88
2018-12-23,5.624656053943024,0.0,0.868,6.23
2018-12-24,0.45422582981238835,0.0,1.03,0.46
2018-12-25,0.0037179560906946004,0.0,0.674,0.0
2018-12-26,0.009294890226736501,0.02,0.592,0.03
2018-12-27,0.0,0.13,0.554,0.62
2018-12-28,0.01215975998695841,0.14,0.515,0.04
2018-12-29,0.28573424200939884,0.0,0.492,0.01
2018-12-30,0.476874800888745,0.12,0.482,0.01
2018-12-31,0.3778806926036196,0.0,0.503,0.0
2019-01-01,0.4707682030727269,0.0,0.486,0.12
2019-01-02,0.0,0.17,0.468,0.04
2019-01-03,0.05624556939531737,0.0,0.448,0.07
2019-01-04,0.3798338852228605,0.16,0.448,0.13
2019-01-05,1.0795789091113852,0.0,0.48,0.01
2019-01-06,0.0,0.03,0.477,0.04
2019-01-07,2.6393816730598156,0.07,0.453,2.03
2019-01-08,2.743540233422023,0.18,0.6,1.5
2019-01-09,3.2749155516916577,0.04,0.749,1.81
2019-01-10,0.6195192694761468,0.03,0.577,0.83
2019-01-11,3.036588050826364,0.0,0.693,2.4
2019-01-12,0.7756139330623951,0.0,0.64,0.49
2019-01-13,6.496661256382561,0.0,0.936,5.93
2019-01-14,0.17645716366435493,0.16,0.838,0.25
2019-01-15,0.726331303403666,0.15,0.679,0.15
2019-01-16,0.8726759162000697,0.22,0.66,0.85
2019-01-17,9.183067657125477,0.02,0.909,8.63
2019-01-18,1.523065252285982,0.0,1.27,0.18
2019-01-19,0.00836540120406285,0.0,0.858,0.0
2019-01-20,0.0037179560906946004,0.0,0.699,0.0
2019-01-21,0.007435912181389201,0.02,0.612,0.01
2019-01-22,1.6090023907765434,0.28,0.593,1.91
2019-01-23,4.4005948546289,0.0,0.636,3.49
2019-01-24,0.0,0.16,0.59,0.0
2019-01-25,1.7793187778344794,0.4,0.638,0.93
2019-01-26,4.438840797636562,0.0,0.966,2.09
2019-01-27,12.151259332885664,0.0,1.57,10.61
2019-01-28,11.421608900571082,0.04,3.58,10.66
2019-01-29,0.0,0.31,1.95,0.12
2019-01-30,8.783292164638999,0.0,1.55,7.58
2019-01-31,0.09334077145688255,0.13,1.24,0.33
2019-02-01,4.516865341308487,0.37,1.27,3.65
2019-02-02,13.95458252204859,0.12,3.89,14.08
2019-02-03,1.8409528522180514,0.0,3.18,1.12
2019-02-04,3.6427513398775577,0.17,1.93,2.18
2019-02-05,0.08032792513945144,0.16,1.78,0.0
2019-02-06,5.667929644907946,0.11,1.42,4.39
2019-02-07,4.188693326343515,0.48,2.87,5.48
2019-02-08,5.363153717472064,0.39,1.82,5.77
2019-02-09,5.284424728059274,0.71,2.58,3.52
2019-02-10,12.262727669492147,0.0,4.21,10.61
2019-02-11,0.0,0.25,2.78,0.0
2019-02-12,0.00278846706802095,0.46,1.67,0.0
2019-02-13,0.0,0.59,1.38,0.0
2019-02-14,0.004647445113368251,0.5,1.2,0.0
2019-02-15,0.0,0.78,1.11,0.02
2019-02-16,0.0,0.48,1.0,0.0
2019-02-17,0.0,1.02,0.97,0.02
2019-02-18,0.020601563883222217,0.83,0.871,0.1
2019-02-19,0.0,0.36,0.846,0.01
2019-02-20,0.0,0.53,0.805,0.0
2019-02-21,0.0,0.73,0.764,0.0
2019-02-22,0.0,0.35,0.735,0.0
2019-02-23,0.0,0.63,0.718,0.0
2019-02-24,0.0,0.78,0.699,0.31
2019-02-25,0.0,0.97,0.676,0.05
2019-02-26,0.0,0.98,0.665,0.0
2019-02-27,0.0,0.96,0.668,0.11
2019-02-28,2.4235573926272407,0.37,0.681,2.0
2019-03-01,8.19728286941697,0.15,1.22,11.16
2019-03-02,0.07382150198073589,0.29,0.833,0.0
2019-03-03,1.97725681434975,0.53,0.88,2.44
2019-03-04,5.715127620720731,1.29,1.08,5.79
2019-03-05,1.6813028936540233,1.0,0.947,1.37
2019-03-06,0.9729585599217505,0.03,0.915,2.01
2019-03-07,17.20199822530107,1.0,3.7,18.25
2019-03-08,1.9426022446856015,0.97,1.97,2.6
2019-03-09,1.2685956581053959,0.96,1.56,0.77
2019-03-10,12.169653629450584,0.94,2.66,11.32
2019-03-11,0.03883229792281352,1.17,1.97,0.17
2019-03-12,1.6158144247040624,1.87,1.47,1.82
2019-03-13,0.6716569131665848,1.09,1.39,1.48
2019-03-14,17.22763068493937,0.23,3.57,16.8
2019-03-15,8.642464084551015,0.12,3.88,10.02
2019-03-16,5.2556446581885705,1.17,3.95,4.84
2019-03-17,5.122091728744396,1.25,2.27,7.46
2019-03-18,0.04389738026057181,0.88,2.19,2.6
2019-03-19,0.0037179560906946004,1.17,1.62,0.01
2019-03-20,0.0,1.21,1.37,0.0
2019-03-21,0.0,0.92,1.23,0.0
2019-03-22,0.0,1.69,1.13,0.0
2019-03-23,0.0,0.82,1.01,0.01
2019-03-24,0.0,2.1,0.953,0.01
2019-03-25,0.0,1.76,0.893,0.03
2019-03-26,0.0,1.52,0.829,0.01
2019-03-27,0.0,1.6,0.787,0.0
2019-03-28,0.0,0.98,0.758,0.02
2019-03-29,0.0,2.32,0.75,0.02
2019-03-30,0.0,2.39,0.742,0.08
2019-03-31,0.08497537025281969,2.12,0.802,0.96
2019-04-01,0.0,2.72,0.711,0.01
2019-04-02,10.57893558627515,1.12,1.15,10.91
2019-04-03,0.6193861755487703,1.54,1.0,0.9
2019-04-04,0.0,2.04,0.761,0.01
2019-04-05,0.0,2.59,0.726,0.02
2019-04-06,0.0,1.98,0.699,0.0
2019-04-07,1.324030641757949,1.42,0.85,6.53
2019-04-08,0.16344431734692383,0.34,0.712,0.75
2019-04-09,8.758709257798078,0.17,1.06,12.35
2019-04-10,0.0,3.3,0.951,0.02
2019-04-11,0.0,3.15,0.748,0.01
2019-04-12,0.0,2.33,0.689,0.01
2019-04-13,0.0,2.29,0.675,0.28
2019-04-14,0.021948690130285903,1.37,0.654,0.39
2019-04-15,0.0,3.46,0.647,0.19
2019-04-16,0.0,2.3,0.64,0.03
2019-04-17,0.0,1.67,0.624,0.02
2019-04-18,0.0,4.76,0.605,0.06
2019-04-19,0.0,4.68,0.583,0.05
2019-04-20,0.0,4.99,0.571,0.11
2019-04-21,0.0,4.32,0.568,0.03
2019-04-22,0.0,4.23,0.571,0.1
2019-04-23,0.0,3.68,0.571,0.03
2019-04-24,0.0,3.17,0.563,0.43
2019-04-25,4.083622545279758,0.9,0.661,7.72
2019-04-26,0.0,2.09,0.612,0.23
2019-04-27,2.112660400041965,1.8,0.614,2.08
2019-04-28,6.400019614706526,0.53,0.82,10.11
2019-04-29,0.0,2.58,0.598,0.01
2019-04-30,0.0,1.23,0.557,0.0
2019-05-01,0.0,2.25,0.567,0.0
2019-05-02,2.0427208712796032,0.82,0.606,4.0
2019-05-03,2.451712050312868,1.39,0.589,2.45
2019-05-04,6.7821527243943995,1.94,1.02,8.11
2019-05-05,0.4624206137503566,2.5,0.613,0.9
2019-05-06,0.004647445113368251,1.34,0.543,0.21
2019-05-07,0.0,2.31,0.532,0.03
2019-05-08,4.155407493958788,1.31,0.616,6.68
2019-05-09,2.4039683205973077,1.33,0.712,2.2
2019-05-10,3.806316094435596,1.81,0.854,5.98
2019-05-11,0.0822633058769997,3.59,0.557,0.4
2019-05-12,0.0,3.33,0.49,0.0
2019-05-13,0.0,4.91,0.468,0.04
2019-05-14,0.0,5.22,0.459,0.02
2019-05-15,0.0,5.12,0.452,0.01
2019-05-16,0.0,4.36,0.45,0.01
2019-05-17,0.2220021257753638,1.29,0.435,0.62
2019-05-18,0.0,2.65,0.461,0.2
2019-05-19,1.4711418057782035,0.71,0.463,2.76
2019-05-20,0.9968979660099956,0.41,0.49,0.0
2019-05-21,0.0,3.38,0.465,0.0
2019-05-22,0.0,2.93,0.433,0.0
2019-05-23,0.0,3.26,0.423,0.0
2019-05-24,0.0,4.02,0.422,0.0
2019-05-25,6.412507236805714,2.41,0.699,11.89
2019-05-26,1.2931036072271,2.43,0.483,0.65
2019-05-27,3.0982596485486544,2.79,0.592,2.02
2019-05-28,4.318823600134939,1.44,0.701,12.81
2019-05-29,0.0111538682720838,3.03,0.529,1.46
2019-05-30,0.22803747606461142,2.28,0.469,0.85
2019-05-31,0.0,2.43,0.292,0.01
2019-06-01,0.0,4.04,0.391,0.15
2019-06-02,0.0,5.09,0.365,0.83
2019-06-03,0.0,1.68,0.361,0.22
2019-06-04,3.9609582152688576,2.14,0.393,7.35
2019-06-05,11.626823621661366,1.01,0.498,16.38
2019-06-06,1.814352016411315,2.95,1.07,1.73
2019-06-07,2.7849562023563625,2.59,0.398,2.46
2019-06-08,0.6094167724108355,3.02,0.486,2.66
2019-06-09,0.0,2.51,0.421,0.03
2019-06-10,1.510707207422724,1.67,0.409,4.29
2019-06-11,0.0,3.43,0.414,0.0
2019-06-12,20.688471530859523,0.86,1.37,28.75
2019-06-13,2.0242449278988293,1.32,0.699,3.99
2019-06-14,0.027013772468044185,4.58,0.52,0.08
2019-06-15,37.27753286370633,3.2,4.95,44.34
2019-06-16,2.058390535710663,2.83,1.29,3.22
2019-06-17,0.0,4.65,0.672,0.02
2019-06-18,0.0,4.34,0.506,0.12
2019-06-19,12.894337439962033,1.49,0.99,22.84
2019-06-20,0.0,3.13,0.752,0.0
2019-06-21,0.0,3.87,0.433,0.0
2019-06-22,0.0,4.69,0.391,0.01
2019-06-23,0.0,5.17,0.359,0.07
2019-06-24,0.0,4.31,0.331,0.03
2019-06-25,0.0,4.15,0.304,0.08
2019-06-26,0.0,4.0,0.286,0.0
2019-06-27,0.0,5.73,0.277,0.04
2019-06-28,0.0,5.56,0.268,0.02
2019-06-29,0.0,5.09,0.255,0.06
2019-06-30,0.0,3.34,0.269,0.03
2019-07-01,0.0,3.85,0.266,0.02
2019-07-02,0.0,3.43,0.239,0.0
2019-07-03,0.0,3.85,0.265,0.01
2019-07-04,0.0,4.83,0.291,0.01
2019-07-05,0.0,4.38,0.293,0.15
2019-07-06,0.0,4.04,0.303,0.05
2019-07-07,0.00844180389626381,2.56,0.322,0.16
2019-07-08,0.0,3.09,0.311,0.0
2019-07-09,0.0,3.46,0.307,0.0
2019-07-10,0.004647445113368251,2.5,0.322,0.16
2019-07-11,0.0,2.8,0.31,0.02
2019-07-12,0.5660134320668547,3.01,0.333,4.48
2019-07-13,0.13919134433669525,2.05,0.36,0.11
2019-07-14,0.30901224650505577,2.6,0.323,0.16
2019-07-15,0.01123027096428476,1.9,0.311,0.0
2019-07-16,0.009294890226736501,2.72,0.277,0.0
2019-07-17,0.00278846706802095,3.84,0.261,0.0
2019-07-18,0.0055769341360419,1.68,0.262,0.09
2019-07-19,0.00278846706802095,2.83,0.252,0.07
2019-07-20,4.4268974844671645,3.1,0.529,7.21
2019-07-21,0.0,3.16,0.247,0.0
2019-07-22,0.0,4.11,0.174,0.0
2019-07-23,0.0,5.02,0.168,0.0
2019-07-24,0.01208335729475745,4.6,0.252,0.0
2019-07-25,0.009294890226736501,5.24,0.11,0.0
2019-07-26,0.00836540120406285,4.0,0.077,0.0
2019-07-27,15.611825133385466,0.27,0.658,16.64
2019-07-28,0.07660996904875685,0.66,0.476,0.0
2019-07-29,0.00278846706802095,3.99,0.205,0.0
2019-07-30,0.0,3.96,0.176,0.05
2019-07-31,0.25253556945780264,1.5,0.148,1.32
2019-08-01,0.0629812006306358,2.88,0.141,0.0
2019-08-02,0.16896591626255497,2.99,0.188,2.19
2019-08-03,0.08032792513945144,1.93,0.178,0.0
2019-08-04,0.020448758498820302,3.09,0.165,0.25
2019-08-05,1.411842937474877,3.12,0.162,0.5
2019-08-06,0.0055769341360419,2.43,0.164,0.0
2019-08-07,0.40660859388578907,3.23,0.157,0.61
2019-08-08,0.020260329351033137,2.76,0.151,0.03
2019-08-09,4.348939495551207,1.66,0.273,6.0
2019-08-10,0.763169629778423,2.7,0.201,0.89
2019-08-11,0.020260329351033137,1.75,0.154,0.0
2019-08-12,7.750523608111615,1.59,0.284,10.42
2019-08-13,0.6634906982512385,1.83,0.485,3.36
2019-08-14,4.037280375619255,1.93,0.225,3.48
2019-08-15,0.29433210688016215,1.11,0.378,1.22
2019-08-16,0.11604833334374756,2.24,0.192,0.33
2019-08-17,1.7835715527705807,0.62,0.197,1.38
2019-08-18,7.368533722746571,1.46,0.556,6.97
2019-08-19,0.0167308024081257,2.64,0.216,0.07
2019-08-20,0.0,2.72,0.2,0.0
2019-08-21,0.0,3.43,0.153,0.0
2019-08-22,0.0,3.73,0.151,0.0
2019-08-23,0.0,3.66,0.146,0.0
2019-08-24,0.0,4.14,0.175,0.0
2019-08-25,0.0,4.02,0.141,0.0
2019-08-26,0.0,3.71,0.123,0.0
2019-08-27,0.0,3.61,0.121,0.0
2019-08-28,4.07157634567959,2.33,0.357,11.03
2019-08-29,0.5599279017226269,2.33,0.176,1.23
2019-08-30,0.0,3.2,0.14,0.0
2019-08-31,0.0,3.06,0.131,0.0
2019-09-01,0.0,2.31,0.129,0.01
2019-09-02,0.0,2.91,0.126,0.01
2019-09-03,0.0,1.06,0.138,0.02
2019-09-04,3.2023693848706465,0.95,0.174,3.7
2019-09-05,0.0037179560906946004,2.34,0.199,0.33
2019-09-06,0.5747720584751999,1.97,0.15,1.06
2019-09-07,5.942184152858864,1.45,0.224,7.79
2019-09-08,0.525700370409033,1.87,0.261,1.16
2019-09-09,0.0,1.92,0.166,0.05
2019-09-10,0.0,2.28,0.141,0.0
2019-09-11,1.4857164301277064,0.57,0.15,1.87
2019-09-12,0.7099384799376319,1.99,0.161,0.14
2019-09-13,0.0,1.93,0.145,0.07
2019-09-14,0.07382150198073589,2.42,0.135,0.0
2019-09-15,0.0,2.27,0.192,0.0
2019-09-16,0.27983388522286046,0.91,0.142,0.25
2019-09-17,0.00278846706802095,1.83,0.126,0.0
2019-09-18,0.07382150198073589,1.79,0.109,0.05
2019-09-19,0.07382150198073589,1.61,0.088,0.02
2019-09-20,0.0,3.08,0.132,0.06
2019-09-21,0.0,2.06,0.124,0.01
2019-09-22,5.197818142864724,2.06,0.2,3.72
2019-09-23,0.02314301099294767,1.01,0.2,0.25
2019-09-24,9.289445597961679,0.31,0.458,10.91
2019-09-25,3.2668903868568675,0.04,0.425,3.57
2019-09-26,11.039635747758874,0.12,0.57,8.47
2019-09-27,0.31693559846462077,0.48,0.474,2.49
2019-09-28,4.095209605230743,0.46,0.233,4.34
2019-09-29,4.3218788875765,0.4,0.449,5.98
2019-09-30,1.18330997652069,0.87,0.397,1.03
2019-10-01,18.022683515510884,0.52,1.24,22.92
2019-10-02,2.2340404581805715,0.51,0.599,3.79
2019-10-03,0.0,0.78,0.301,0.13
2019-10-04,3.659410894758913,0.86,0.393,3.9
2019-10-05,0.3683518937371979,0.83,0.339,0.3
2019-10-06,13.956937983146428,0.34,0.802,15.86
2019-10-07,0.9598514990304259,0.59,0.744,1.27
2019-10-08,6.574146824206565,0.45,0.717,5.93
2019-10-09,1.119730665671057,0.12,0.395,2.47
2019-10-10,1.1358619128872007,0.76,0.334,2.17
2019-10-11,0.013506886234022093,0.75,0.249,0.41
2019-10-12,0.0,0.85,0.226,0.0
2019-10-13,2.998064530304232,0.98,0.25,4.73
2019-10-14,0.29648168480037,0.7,0.31,0.61
2019-10-15,0.0,0.21,0.243,0.21
2019-10-16,15.217566076856906,0.1,0.596,12.76
2019-10-17,1.756705430521508,0.49,1.02,1.3
2019-10-18,0.45802344418538143,0.52,0.346,1.19
2019-10-19,5.988881844449523,0.56,0.753,5.73
2019-10-20,0.45277463326291834,0.26,0.333,1.45
2019-10-21,3.803214604006159,0.35,0.544,2.95
2019-10-22,0.01688360779252762,0.43,0.349,0.04
2019-10-23,0.0037179560906946004,0.77,0.323,0.29
2019-10-24,2.214300025739222,1.14,0.257,0.96
2019-10-25,0.0,0.45,0.342,0.01
2019-10-26,0.9393052703676145,1.07,0.285,1.07
2019-10-27,4.502128510448418,0.37,0.485,3.26
2019-10-28,0.0,0.58,0.315,0.03
2019-10-29,0.0,0.75,0.287,0.1
2019-10-30,0.0,0.56,0.273,0.02
2019-10-31,0.0,0.5,0.279,0.01
2019-11-01,6.496048046311401,0.29,0.313,7.58
2019-11-02,2.95243855389616,0.96,0.79,3.41
2019-11-03,8.526005981177839,0.0,0.761,9.73
2019-11-04,2.1654091763117904,0.34,0.682,1.94
2019-11-05,0.15229044907484005,0.3,0.434,0.23
2019-11-06,1.8260861830207036,0.33,0.406,2.51
2019-11-07,6.563201997951712,0.18,0.77,6.51
2019-11-08,0.0037179560906946004,0.2,0.49,0.07
2019-11-09,0.4909797973417644,0.14,0.418,0.73
2019-11-10,0.0,0.28,0.381,0.0
2019-11-11,3.813575332773044,0.08,0.485,3.22
2019-11-12,0.08948312130039637,0.21,0.459,0.26
2019-11-13,2.451759429380099,0.18,0.421,2.19
2019-11-14,3.037099902624648,0.16,0.679,2.76
2019-11-15,0.0,0.23,0.489,0.35
2019-11-16,0.0,0.41,0.4,0.0
2019-11-17,0.0,0.2,0.391,0.0
2019-11-18,3.657152091370868,0.08,0.451,4.72
2019-11-19,0.07846894709410414,0.04,0.487,0.27
2019-11-20,0.00836540120406285,0.08,0.396,0.01
2019-11-21,0.2539788098540928,0.13,0.404,0.14
2019-11-22,0.1775394580714305,0.34,0.369,0.49
2019-11-23,0.617632623820594,0.05,0.406,1.65
2019-11-24,0.0,0.18,0.399,0.0
2019-11-25,0.05209216419854012,0.26,0.378,0.23
2019-11-26,1.3892506576336963,0.02,0.393,0.86
2019-11-27,13.706541957963882,0.15,1.04,17.07
2019-11-28,4.139753830792308,0.07,1.33,3.9
2019-11-29,1.7233136282590422,0.15,0.975,1.94
2019-11-30,0.006506423158715551,0.1,0.631,0.01
2019-12-01,0.0,0.19,0.542,0.01
2019-12-02,0.23540684128231243,0.23,0.488,0.25
2019-12-03,0.00278846706802095,0.02,0.472,0.0
2019-12-04,0.15229044907484005,0.08,0.465,0.0
2019-12-05,0.08125741416212509,0.23,0.452,0.01
2019-12-06,8.70019032872312,0.08,0.832,8.89
2019-12-07,0.0,0.0,0.808,0.01
2019-12-08,8.649940321058873,0.12675,0.922,6.58
2019-12-09,7.462353076416033,0.0,1.68,7.57
2019-12-10,0.0,0.56,1.09,0.14
2019-12-11,3.173771410883976,0.05,0.964,2.68
2019-12-12,2.341211083919625,0.12,0.83,4.49
2019-12-13,15.801017192416374,0.0,3.18,14.07
2019-12-14,7.324687342787456,0.11115259740259739,2.6,7.25
2019-12-15,3.092792752334646,0.11137987012987013,1.71,3.72
2019-12-16,1.0064609436668177,0.01,1.17,1.34
2019-12-17,1.4835387299949447,0.51,1.04,1.59
2019-12-18,0.0,0.0,0.901,0.02
2019-12-19,0.4080241666718738,0.35,0.832,1.06
2019-12-20,7.203197149976315,0.09,1.7,7.46
2019-12-21,3.0008629420589856,0.23,1.19,2.37
2019-12-22,8.278828537068556,0.0,2.49,8.76
2019-12-23,1.663185996687131,0.07,1.74,2.04
2019-12-24,1.2001528053844022,0.22,1.27,1.26
2019-12-25,0.16344431734692383,0.06,1.06,0.22
2019-12-26,4.238104349366537,0.16,0.981,6.08
2019-12-27,1.647764886145571,0.17,1.6,1.66
2019-12-28,0.0,0.06,1.0,0.0
2019-12-29,0.007435912181389201,0.27,0.917,3.29
2019-12-30,0.0,0.24,0.857,1.28
2019-12-31,0.0,0.28,0.771,0.0
2020-01-01,0.0,0.12,0.741,0.0
2020-01-02,0.0,0.21,0.713,0.0
2020-01-03,4.272036036681621,0.0,0.935,4.56
2020-01-04,0.08876972903571526,0.11,0.778,0.22
2020-01-05,0.08505177294502066,0.19,0.645,0.02
2020-01-06,0.7641445982929947,0.26,0.656,0.75
2020-01-07,0.00278846706802095,0.08,0.673,0.0
2020-01-08,3.311755234081179,0.0,0.667,2.36
2020-01-09,1.7488293686709537,0.07,0.965,1.39
2020-01-10,5.586031807666803,0.0,1.34,4.18
2020-01-11,0.0,0.48,0.931,0.0
2020-01-12,0.22278396457906596,0.18,0.817,0.19
2020-01-13,0.4669738442898313,0.22,0.765,0.19
2020-01-14,2.234615601352446,0.33,0.822,3.07
2020-01-15,2.191634598795938,0.36,0.919,3.07
2020-01-16,0.01208335729475745,0.19,0.775,0.0
2020-01-17,0.4979704046885582,0.45,0.75,0.47
2020-01-18,0.14764300396147179,0.04,0.667,0.0
2020-01-19,0.8284926366277197,0.3,0.637,0.4
2020-01-20,0.08032792513945144,0.2,0.555,0.0
2020-01-21,0.0,0.3,0.595,0.0
2020-01-22,0.0,0.29,0.586,0.0
2020-01-23,0.0,0.46,0.569,0.0
2020-01-24,0.00278846706802095,0.18,0.575,0.0
2020-01-25,0.0793984361167778,0.28,0.546,0.0
2020-01-26,0.8820064301901915,0.23,0.553,0.91
2020-01-27,8.401424072499834,0.03,0.827,8.2
2020-01-28,3.8437820982148883,0.46,1.83,3.67
2020-01-29,0.0,0.3,0.967,0.0
2020-01-30,1.43749828299436,0.17,0.81,1.58
2020-01-31,0.0,0.38,0.587,0.0
2020-02-01,7.551882667578964,0.25,1.85,7.23
2020-02-02,1.6091015748071475,0.44,2.26,5.95
2020-02-03,8.61950001262147,0.21,1.74,10.29
2020-02-04,3.8804498073235507,0.17,2.88,2.47
2020-02-05,0.0,0.31,1.89,0.0
2020-02-06,0.0,0.22,1.34,0.0
2020-02-07,0.00278846706802095,0.62,1.16,0.0
2020-02-08,5.267511464122988,0.12,1.31,5.04
2020-02-09,5.165129610263768,0.73,1.68,8.11
2020-02-10,4.81539497686256,1.04,2.37,3.74
2020-02-11,0.0,1.44,1.83,0.02
2020-02-12,0.0,0.69,1.2,0.0
2020-02-13,10.107825881795574,0.35,2.61,12.6
2020-02-14,0.15148609782636294,0.68,1.89,0.26
2020-02-15,0.07382150198073589,1.18,1.39,0.03
2020-02-16,8.606769810025721,1.2,1.88,25.92
2020-02-17,2.46599896473348,1.07,2.34,1.56
2020-02-18,4.090074176778631,0.75,1.38,4.03
2020-02-19,3.4027739997346464,0.67,2.11,2.86
2020-02-20,7.459445617109883,0.62,1.97,6.87
2020-02-21,0.0,0.89,2.37,0.0
2020-02-22,0.6998115708522129,0.56,1.51,0.96
2020-02-23,5.222849155527991,0.18,1.74,3.72
2020-02-24,4.564003548212439,0.49,1.92,3.2
2020-02-25,4.846508175321735,0.58,2.32,7.19
2020-02-26,10.288443594355691,0.42,5.19,7.49
2020-02-27,9.031395931139077,0.06,5.37,8.98
2020-02-28,5.730584078339768,0.49,4.26,6.28
2020-02-29,0.7925495315270159,0.75,3.74,1.54
2020-03-01,0.037143937143560755,0.95,2.17,0.38
2020-03-02,5.197604847094482,0.16,2.31,4.2
2020-03-03,1.3174765628460945,0.75,1.85,1.25
2020-03-04,1.8209882779073092,0.64,1.6,2.81
2020-03-05,17.706964750353702,0.09,5.52,17.13
2020-03-06,6.924342032418693,0.52,9.38,5.96
2020-03-07,0.0037179560906946004,1.05,3.42,0.0
2020-03-08,1.2324346456295867,0.28,2.25,1.74
2020-03-09,1.9688051547249732,0.94,1.88,1.56
2020-03-10,16.56045802000495,0.35,7.58,16.28
2020-03-11,13.204435147506043,0.53,8.48,11.08
2020-03-12,3.011711199562266,1.64,5.75,3.1
2020-03-13,0.0934837211127717,1.11,2.75,0.44
2020-03-14,0.5621914056737537,0.86,2.06,0.85
2020-03-15,0.0,0.7,1.7,0.0
2020-03-16,0.0,0.67,1.48,0.0
2020-03-17,0.0,1.66,1.27,0.0
2020-03-18,0.0,2.0,1.17,0.0
2020-03-19,0.0,1.06,1.06,0.0
2020-03-20,3.2354293537270875,0.59,1.03,3.14
2020-03-21,0.07753945807143049,2.93,1.16,0.02
2020-03-22,0.0,3.9,0.946,0.0
2020-03-23,0.0,2.74,0.832,0.0
2020-03-24,0.0,2.29,0.802,0.0
2020-03-25,0.0,2.94,0.755,0.0
2020-03-26,0.0,3.76,0.728,0.0
2020-03-27,0.0,2.57,0.695,0.0
2020-03-28,0.0,3.04,0.681,0.05
2020-03-29,0.08530674905649602,4.18,0.603,0.22
2020-03-30,0.0037179560906946004,2.02,0.604,0.02
2020-03-31,0.0,2.84,0.603,0.0
2020-04-01,0.0,2.14,0.603,0.0
2020-04-02,0.0,1.36,0.603,0.0
2020-04-03,0.0,1.75,0.581,0.0
2020-04-04,0.0,2.25,0.555,0.0
2020-04-05,0.0,3.77,0.548,0.0
2020-04-06,0.0,2.38,0.529,0.02
2020-04-07,0.0,2.94,0.487,0.0
2020-04-08,0.0,2.84,0.522,0.0
2020-04-09,0.0,3.67,0.472,0.0
2020-04-10,0.0,3.77,0.489,0.0
2020-04-11,0.0,3.32,0.477,0.03
2020-04-12,0.08272967818338532,2.33,0.482,0.99
2020-04-13,0.0,3.58,0.47,0.0
2020-04-14,0.0,2.39,0.458,0.0
2020-04-15,0.0,3.05,0.46,0.0
2020-04-16,0.0,2.78,0.467,0.0
2020-04-17,3.0263529144360244,3.43,0.459,0.0
2020-04-18,14.772006647412523,1.02,1.41,13.87
2020-04-19,0.0,2.18,0.642,0.0
2020-04-20,0.0,6.14,0.506,0.0
2020-04-21,0.0,6.44,0.448,0.0
2020-04-22,0.0,5.78,0.368,0.0
2020-04-23,0.0,3.69,0.406,0.0
2020-04-24,0.0,3.63,0.648,0.0
2020-04-25,0.0,2.95,0.552,0.0
2020-04-26,0.0,3.14,0.422,0.0
2020-04-27,0.0,3.24,0.205,0.0
2020-04-28,6.413572442827075,0.59,0.532,8.14
2020-04-29,1.6072671944906276,1.25,0.555,1.76
2020-04-30,6.044418998829149,2.69,0.83,9.72
2020-05-01,5.8499858083430505,1.96,0.902,6.55
2020-05-02,0.9143027377687512,2.6,0.683,3.47
2020-05-03,0.681418175699707,1.51,0.476,1.33
2020-05-04,0.09721153293197907,2.37,0.506,0.05
2020-05-05,0.0,4.79,0.432,0.0
2020-05-06,0.0,4.59,0.426,0.0
2020-05-07,0.0,3.37,0.412,0.0
2020-05-08,0.0,3.78,0.428,0.0
2020-05-09,0.0,4.83,0.421,0.0
2020-05-10,1.287282454120512,1.12,0.472,3.43
2020-05-11,0.0,6.31,0.446,0.01
2020-05-12,0.0,2.13,0.395,0.0
2020-05-13,0.00278846706802095,3.92,0.411,0.0
2020-05-14,0.0,5.23,0.386,0.0
2020-05-15,0.0,4.48,0.363,0.0
2020-05-16,0.0,2.99,0.353,0.0
2020-05-17,0.0,3.35,0.348,0.0
2020-05-18,0.0,3.66,0.339,0.0
2020-05-19,0.0,4.02,0.318,0.0
2020-05-20,0.00844180389626381,4.36,0.277,0.0
2020-05-21,0.010130164675516569,3.99,0.299,0.0
2020-05-22,0.43885010980450617,1.87,0.292,0.63
2020-05-23,0.0,3.13,0.298,0.12
2020-05-24,0.0,1.48,0.277,0.0
2020-05-25,0.00844180389626381,4.22,0.274,0.0
2020-05-26,0.01688360779252762,4.31,0.238,0.0
2020-05-27,0.00844180389626381,5.5,0.236,0.0
2020-05-28,0.00844180389626381,6.19,0.257,0.0
2020-05-29,0.0,5.58,0.246,0.0
2020-05-30,0.0,6.12,0.234,0.0
2020-05-31,0.0,6.4,0.225,0.0
2020-06-01,0.0,6.13,0.224,0.0
2020-06-02,0.0,4.31,0.229,0.03
2020-06-03,0.0,3.71,0.234,0.0
2020-06-04,0.312824417169644,1.42,0.242,0.22
2020-06-05,5.816627097749849,1.57,0.399,2.79
2020-06-06,1.4106729396741033,3.24,0.275,3.22
2020-06-07,2.981347017131157,3.2,0.251,1.4
2020-06-08,4.8179697903084895,1.29,0.258,2.07
2020-06-09,0.0,2.02,0.212,0.0
2020-06-10,0.0,2.81,0.186,0.0
2020-06-11,0.10542412875164,4.27,0.176,0.33
2020-06-12,0.0,2.51,0.166,1.27
2020-06-13,0.0,4.48,0.192,0.09
2020-06-14,0.0,3.32,0.142,0.01
2020-06-15,0.0,3.74,0.125,0.03
2020-06-16,3.1948740694245523,3.53,0.199,6.41
2020-06-17,25.674751696895857,1.38,1.34,24.94
2020-06-18,12.259388285563642,2.63,2.01,11.02
2020-06-19,0.0,3.05,0.28,0.01
2020-06-20,0.0,3.2,0.185,0.01
2020-06-21,2.7735847923533017,2.03,0.162,2.33
2020-06-22,0.07382150198073589,4.22,0.21,0.0
2020-06-23,0.0,5.6,0.137,0.08
2020-06-24,0.0,6.78,0.115,0.01
2020-06-25,0.0,6.43,0.11,0.0
2020-06-26,2.4482903928230333,3.2,0.128,0.23
2020-06-27,0.7510633054365424,1.99,0.218,1.54
2020-06-28,0.004647445113368251,3.93,0.174,0.05
2020-06-29,0.0,2.97,0.137,0.0
2020-06-30,4.947296979907981,0.82,0.244,4.83
2020-07-01,19.965260347994494,2.09,1.4,16.11
2020-07-02,0.4028498588662787,2.71,0.229,1.42
2020-07-03,0.0,3.27,0.162,0.0
2020-07-04,3.0383335574431403,0.81,0.149,3.36
2020-07-05,0.23497139217622978,2.5,0.214,0.03
2020-07-06,0.0,2.63,0.143,0.01
2020-07-07,0.0,2.99,0.128,0.21
2020-07-08,5.679124203150625,0.53,0.286,6.32
2020-07-09,0.1929995369246935,1.95,0.213,0.5
2020-07-10,0.23085686633293534,2.85,0.163,0.67
2020-07-11,0.0,4.23,0.146,0.0
2020-07-12,0.07382150198073589,4.64,0.132,0.0
2020-07-13,0.0,4.45,0.12,0.0
2020-07-14,0.752252925736122,0.85,0.135,1.63
2020-07-15,0.3091322291138219,1.56,0.217,2.58
2020-07-16,1.9803068576676617,1.11,0.179,0.79
2020-07-17,0.0,2.4,0.16,0.1
2020-07-18,0.0,2.88,0.132,0.0
2020-07-19,0.07753945807143049,3.2,0.116,0.12
2020-07-20,1.2871057802765704,4.38,0.103,0.93
2020-07-21,0.0,3.79,0.075,0.0
2020-07-22,0.0,3.9,0.076,0.0
2020-07-23,0.0,3.57,0.068,0.07
2020-07-24,0.13924007941869082,1.45,0.147,3.98
2020-07-25,4.692734705084706,1.26,0.123,4.87
2020-07-26,0.4400720982773733,2.45,0.23,0.83
2020-07-27,0.30599457136043196,3.09,0.089,0.63
2020-07-28,0.5520710967267499,2.56,0.06,0.16
2020-07-29,0.0111538682720838,3.66,0.052,0.0
2020-07-30,0.01394233534010475,4.43,0.047,0.0
2020-07-31,0.37615155289555113,5.05,0.042,2.08
2020-08-01,0.37057461875950926,3.59,0.042,1.29
2020-08-02,0.0241667145895149,3.44,0.039,0.0
2020-08-03,1.309640825322008,1.71,0.21,3.84
2020-08-04,0.015801313385452053,3.27,0.144,0.0
2020-08-05,0.018589780453473002,4.64,,0.0
2020-08-06,0.0278846706802095,4.04,0.03,0.0
2020-08-07,0.0223077365441676,4.56,0.026,0.0
2020-08-08,0.02881415970288315,4.7,0.023,0.27
2020-08-09,0.01208335729475745,5.54,0.021,0.02
2020-08-10,0.014871824362778402,4.15,0.019,0.0
2020-08-11,0.06487580243936834,1.92,0.043,0.72
2020-08-12,0.01394233534010475,4.02,0.038,0.06
2020-08-13,20.221470771605617,3.09,1.23,35.36
2020-08-14,3.721024455042511,0.71,1.26,5.2
2020-08-15,2.7744172580220523,3.0,0.194,9.0
2020-08-16,2.313902099971857,2.17,0.302,4.09
2020-08-17,0.4982024137529105,2.3,,2.31
2020-08-18,0.00836540120406285,2.49,0.041,0.01
2020-08-19,6.3988141788510875,2.54,0.071,4.9
2020-08-20,0.770760246919547,2.98,,0.48
2020-08-21,0.09603502395100992,4.11,0.071,0.41
2020-08-22,0.3610214078729798,1.76,0.054,0.92
2020-08-23,3.0425282773370217,1.86,0.053,1.18
2020-08-24,1.2213673124641249,2.08,0.128,2.23
2020-08-25,1.3931570428721778,1.37,0.099,2.5
2020-08-26,0.01215975998695841,1.43,0.085,0.22
2020-08-27,0.03824404343232895,2.08,0.05,0.87
2020-08-28,8.44825440341552,1.94,0.584,15.38
2020-08-29,0.9831735380449962,1.07,0.193,0.67
2020-08-30,8.58622051148153,1.15,0.378,5.65
2020-08-31,0.0,2.0,,0.0
2020-09-01,0.0,2.13,,0.0
2020-09-02,0.0,1.65,0.06,0.0
2020-09-03,0.2500217899582826,1.32,0.056,0.65
2020-09-04,1.2046263776415782,1.76,0.065,0.81
2020-09-05,0.10220021257753638,2.11,0.061,0.59
2020-09-06,0.0,1.88,0.053,0.0
2020-09-07,0.0,1.77,,0.0
2020-09-08,0.09324655688298897,0.67,,0.04
2020-09-09,0.0,2.2,0.053,0.01
2020-09-10,0.00278846706802095,2.48,0.05,0.02
2020-09-11,0.0,1.84,0.047,0.0
2020-09-12,0.0,1.72,0.048,0.0
2020-09-13,0.0,1.82,0.039,0.0
2020-09-14,0.08147045259655346,2.16,0.032,0.0
2020-09-15,0.0,2.5,0.028,0.0
2020-09-16,0.0,2.38,0.025,0.0
2020-09-17,0.0,3.11,0.029,0.0
2020-09-18,0.0,3.02,0.023,0.0
2020-09-19,0.0,2.67,0.036,0.0
2020-09-20,0.0,2.49,0.037,0.0
2020-09-21,0.0,1.64,0.019,0.0
2020-09-22,0.08147045259655346,1.35,0.022,0.0
2020-09-23,6.342856182942372,1.03,0.058,9.43
2020-09-24,3.3446495817041053,0.93,0.192,3.65
2020-09-25,12.361445286324429,0.59,0.411,23.9
2020-09-26,53.163721852318446,0.24,5.21,57.82
2020-09-27,19.1,1.09,3.85,17.66
2020-09-28,11.538394136787202,0.19,1.63,9.23
2020-09-29,0.08505177294502066,0.47,0.834,0.11
2020-09-30,0.024490137240011353,0.91,0.323,0.04
2020-10-01,11.233327975120588,0.18,0.781,10.38
2020-10-02,6.050108145129498,0.33,0.732,7.41
2020-10-03,4.10747137493999,0.65,0.884,4.32
2020-10-04,1.9332936293475922,1.31,0.446,2.74
2020-10-05,6.686910204860364,0.96,0.788,7.72
2020-10-06,5.185941570160015,0.92,0.56,3.09
2020-10-07,0.0,0.7,0.355,0.02
2020-10-08,12.040013327531456,0.33,0.4,4.16
2020-10-09,0.6623929461401512,0.54,0.603,0.89
2020-10-10,2.1406391963378475,0.82,0.444,6.14
2020-10-11,6.919889616591527,0.5,0.963,7.03
2020-10-12,2.1741454681918007,0.96,0.649,1.73
2020-10-13,4.111264538712906,0.25,0.58,5.59
2020-10-14,0.07382150198073589,0.55,0.508,0.03
2020-10-15,0.07382150198073589,1.22,0.306,0.01
2020-10-16,0.0,1.0,0.278,0.0
2020-10-17,0.004647445113368251,0.58,0.266,0.17
2020-10-18,0.14279727397180364,0.45,0.254,0.62
2020-10-19,0.0,0.74,0.249,0.0
2020-10-20,0.3171306277508231,0.55,0.246,0.68
2020-10-21,10.04063124018467,1.26,0.917,10.25
2020-10-22,0.050650823377582845,0.19,0.386,0.03
2020-10-23,0.08032792513945144,0.61,0.307,0.22
2020-10-24,0.3353126267084189,0.82,0.288,0.1
2020-10-25,4.604751060813427,0.27,0.558,6.75
2020-10-26,0.0,0.42,0.332,0.02
2020-10-27,3.0814767665102156,0.39,0.398,3.15
2020-10-28,20.50330456482704,0.35,2.47,28.83
2020-10-29,1.7656576412430705,0.21,3.44,1.86
2020-10-30,0.39457587124836,0.47,0.933,0.05
2020-10-31,1.0111669795906941,0.59,0.682,1.49
2020-11-01,1.5214546502136952,0.26,0.617,1.48
2020-11-02,4.433636021233012,0.25,0.897,3.07
2020-11-03,0.0,0.26,0.66,0.05
2020-11-04,0.00278846706802095,0.23,0.476,0.06
2020-11-05,0.013012846317431102,0.31,0.432,0.0
2020-11-06,0.007435912181389201,0.54,0.414,0.0
2020-11-07,0.00278846706802095,0.43,0.408,0.0
2020-11-08,0.0,0.68,0.382,0.0
2020-11-09,0.00278846706802095,0.39,0.363,0.0
2020-11-10,4.859443717534549,0.14,0.612,7.57
2020-11-11,0.0,0.32,0.534,0.0
2020-11-12,2.082760601383688,0.04,0.551,2.73
2020-11-13,2.624555239230715,0.13,0.459,1.26
2020-11-14,0.00278846706802095,0.47,0.519,0.24
2020-11-15,11.06648025897559,0.18,1.4,14.09
2020-11-16,0.6198117689263403,0.16,1.25,0.48
2020-11-17,0.0,0.49,0.694,0.0
2020-11-18,0.2680739505785995,0.7,0.577,0.14
2020-11-19,2.2227600961195266,0.21,0.565,2.33
2020-11-20,0.006506423158715551,0.33,0.517,0.03
2020-11-21,0.0,0.61,0.479,0.01
2020-11-22,1.772999338850566,0.15,0.503,1.17
2020-11-23,0.00844180389626381,0.31,0.495,0.01
2020-11-24,0.0,0.17,0.461,0.0
2020-11-25,0.0,0.24,0.453,0.0
2020-11-26,0.0,0.28,0.416,0.0
2020-11-27,0.0,0.13,0.411,0.0
2020-11-28,0.0,0.04,0.405,0.0
2020-11-29,0.0,0.28,0.379,0.0
2020-11-30,7.081226490961823,0.23,0.43,8.2
2020-12-01,18.320283839958726,0.18,3.93,21.95
2020-12-02,0.018666183145673962,0.1,1.51,0.06
2020-12-03,4.806672428819948,0.05,1.22,3.5
2020-12-04,3.179294365814372,0.37,2.27,2.3
2020-12-05,0.0,0.42,1.1,0.0
2020-12-06,0.0,0.02,0.848,0.0
2020-12-07,0.0,0.32,0.76,0.0
2020-12-08,0.09117148207964913,0.18,0.676,0.44
2020-12-09,0.045585741039824566,0.22,0.616,0.09
2020-12-10,0.0,0.14,0.601,0.0
2020-12-11,6.0911115352543765,0.12,0.961,5.46
2020-12-12,1.739568657234618,0.0,0.928,2.16
2020-12-13,0.2583792350091656,0.15,0.938,0.13
2020-12-14,6.170464037276908,0.17,1.05,9.24
2020-12-15,1.5482767379438542,0.0,1.57,2.46
2020-12-16,0.009294890226736501,0.02,1.04,0.04
2020-12-17,3.7562000899034196,0.0,1.39,4.32
2020-12-18,0.0,0.11,0.987,0.0
2020-12-19,0.9168559401823224,0.0,0.936,0.89
2020-12-20,0.018571968571780378,0.0,0.848,0.01
2020-12-21,5.242092292462651,0.0,1.1,6.61
2020-12-22,6.9113263851135125,-0.0,2.51,4.81
2020-12-23,18.228335852157247,0.0,5.16,15.3
2020-12-24,8.340938928445246,0.04,5.47,7.14
2020-12-25,2.443591769491768,0.08,3.1,2.15
2020-12-26,0.33525403589791053,0.29,1.99,0.43
2020-12-27,11.786013086580416,0.0,5.34,10.97
2020-12-28,0.15414942712018734,0.04,3.76,0.05
2020-12-29,0.6999057854261065,0.08,1.85,0.57
2020-12-30,0.7666326097576422,0.17,1.45,2.3
2020-12-31,2.262761848282546,0.09,1.66,2.23
2021-01-01,0.0,0.09,1.29,0.01
2021-01-02,1.3393835726351482,0.17,1.14,0.27
2021-01-03,0.0896992180583889,0.32,1.1,0.05
2021-01-04,1.1507319266328664,0.12,1.05,1.05
2021-01-05,0.03883229792281352,0.23,0.972,0.01
2021-01-06,0.405918168668231,0.13,0.912,0.45
2021-01-07,4.007879317440652,0.05,1.07,3.65
2021-01-08,0.33912479737300705,0.13,1.12,0.38
2021-01-09,0.08505177294502066,0.09,0.926,0.0
2021-01-10,0.0167308024081257,0.2,0.837,0.0
2021-01-11,1.5341183058457573,0.27,0.859,1.7
2021-01-12,18.451642613403212,0.0,7.19,21.51
2021-01-13,3.498249792820142,0.08,2.87,4.05
2021-01-14,16.605448987581816,0.0,6.27,14.45
2021-01-15,0.29528600792294357,0.13,4.23,0.0
2021-01-16,3.9536277195933915,0.23,2.3,3.73
2021-01-17,0.4862104700442972,0.32,3.19,0.49
2021-01-18,0.46353853192081745,0.09,2.55,0.46
2021-01-19,8.32981725043001,0.14,4.52,9.46
2021-01-20,0.24013068908788165,1.01,2.75,0.65
2021-01-21,12.768032724839717,0.33,3.51,13.76
2021-01-22,0.5046474451133683,0.03,4.8,0.32
2021-01-23,2.7153738204325495,0.0,2.43,2.95
2021-01-24,3.263613578598254,0.12,2.51,2.02
2021-01-25,0.08138255193632164,0.15,2.41,0.17
2021-01-26,0.01215975998695841,0.34,1.68,0.78
2021-01-27,5.259552488400038,0.22,2.42,2.8
2021-01-28,17.582632208019398,0.17,9.16,19.51
2021-01-29,7.809582600155629,-0.0,9.59,13.01
2021-01-30,6.799711746510542,0.04,7.79,7.21
2021-01-31,2.46355634380251,0.25,4.73,2.61
2021-02-01,1.1007410598748868,0.21,3.65,0.82
2021-02-02,7.749292932197311,0.2,3.36,7.83
2021-02-03,18.85536345943988,0.0,13.0,35.29
2021-02-04,0.3637677399974203,0.0,7.47,0.85
2021-02-05,0.0,0.28,3.57,0.02
2021-02-06,5.811627742129302,0.23,2.59,8.79
2021-02-07,2.646593077727684,0.29,4.31,0.97
2021-02-08,2.959493442987181,0.38,2.23,2.6
2021-02-09,0.10317328151677517,0.5,1.82,0.03
2021-02-10,0.0,0.28,1.53,0.09
2021-02-11,0.0,0.21,1.31,0.01
2021-02-12,0.0,0.62,1.19,0.0
2021-02-13,0.0,0.53,1.03,0.0
2021-02-14,0.0,1.12,1.01,0.0
2021-02-15,3.4347276278080323,0.7,1.87,5.06
2021-02-16,4.599411745509515,0.85,2.29,4.53
2021-02-17,0.8185007210450099,0.64,2.15,0.01
2021-02-18,2.94353833384669,0.28,1.82,4.68
2021-02-19,0.0,0.35,1.76,0.0
2021-02-20,0.0,1.72,1.45,0.0
2021-02-21,0.0,1.3,1.27,0.0
2021-02-22,0.0,1.32,1.13,0.01
2021-02-23,0.0,1.17,1.02,0.0
2021-02-24,0.0,1.28,0.981,0.0
2021-02-25,2.960341374152223,0.6,1.08,3.34
2021-02-26,0.7408895608444608,1.18,1.11,0.93
2021-02-27,0.0037179560906946004,0.43,0.955,0.0
2021-02-28,0.00278846706802095,1.21,0.917,0.0
2021-03-01,0.00278846706802095,0.8,0.879,0.0
2021-03-02,0.0,1.01,0.814,0.0
2021-03-03,0.0,1.04,0.819,0.34
2021-03-04,4.598254135531375,0.16,1.19,5.07
2021-03-05,0.0,1.71,0.95,0.0
2021-03-06,0.0,1.51,0.824,0.0
2021-03-07,0.0,1.28,0.813,0.0
2021-03-08,0.0,1.32,0.756,0.09
2021-03-09,0.4292139850455806,0.32,0.788,0.52
2021-03-10,0.49431899556155184,1.29,0.775,0.82
2021-03-11,2.560580892559687,2.15,1.02,0.93
2021-03-12,0.7571216227729132,0.88,0.791,0.54
2021-03-13,5.693134530427403,1.34,1.37,7.04
2021-03-14,4.217483617586858,1.01,1.32,3.85
2021-03-15,2.393508587735228,1.58,1.22,2.12
2021-03-16,7.485614259400633,0.13,1.3,6.07
2021-03-17,1.2221469750065859,0.5,1.64,1.31
2021-03-18,1.8691839125958805,0.62,1.41,1.01
2021-03-19,0.0,1.97,1.21,0.0
2021-03-20,0.0,1.54,1.03,0.0
2021-03-21,0.01663658783423212,1.21,0.973,0.01
2021-03-22,0.0,0.61,0.891,0.0
2021-03-23,0.00278846706802095,1.26,0.855,0.01
2021-03-24,0.0037179560906946004,1.84,0.817,0.0
2021-03-25,1.5278181237165216,1.23,0.839,3.26
2021-03-26,2.5922584770498074,1.9,0.795,2.67
2021-03-27,0.47707634135514254,1.92,0.94,1.32
2021-03-28,0.0,2.17,0.745,0.0
2021-03-29,0.0,2.72,0.7,0.0
2021-03-30,0.0,2.76,0.68,0.0
2021-03-31,0.0,2.79,0.682,0.02
2021-04-01,0.0,2.18,0.655,0.05
2021-04-02,0.0,1.95,0.605,0.0
2021-04-03,0.0,2.06,0.62,0.0
2021-04-04,0.0,1.02,0.619,0.0
2021-04-05,1.3051672530648317,1.67,0.665,2.88
2021-04-06,2.01661081979936,2.26,0.778,5.64
2021-04-07,0.7675133636983204,1.72,0.728,1.34
2021-04-08,0.0,2.39,0.64,0.0
2021-04-09,0.0037179560906946004,2.07,0.645,0.11
2021-04-10,13.742030080417917,0.2,1.39,15.74
2021-04-11,0.5668111831769167,1.97,1.29,0.87
2021-04-12,0.20447682784727372,1.24,0.77,1.38
2021-04-13,0.007435912181389201,1.81,0.695,0.04
2021-04-14,0.023048796419054086,1.97,0.683,0.76
2021-04-15,0.0055769341360419,1.7,0.678,0.01
2021-04-16,0.0037179560906946004,2.11,0.642,0.0
2021-04-17,0.00278846706802095,3.35,0.627,0.0
2021-04-18,0.0,2.49,0.614,0.01
2021-04-19,0.0,2.36,0.604,0.05
2021-04-20,0.0,2.54,0.586,0.04
2021-04-21,0.0,3.29,0.6,0.0
2021-04-22,0.0,3.65,0.585,0.0
2021-04-23,0.0,3.94,0.575,0.0
2021-04-24,0.0,4.49,0.589,0.0
2021-04-25,0.0,3.95,0.59,0.0
2021-04-26,0.0,4.14,0.602,0.0
2021-04-27,0.0,3.76,0.618,0.0
2021-04-28,1.2135734331977106,3.58,0.601,1.46
2021-04-29,4.124741314200821,1.11,0.859,4.92
2021-04-30,0.1532199380975137,2.31,0.655,0.01
2021-05-01,0.15414942712018734,2.72,0.641,0.03
2021-05-02,0.29528600792294357,3.1,0.624,0.1
2021-05-03,0.0,3.31,0.619,0.08
2021-05-04,2.902593892384167,2.08,0.722,4.0
2021-05-05,1.9359706837526893,2.34,0.669,2.61
2021-05-06,0.406335805892621,1.54,0.723,0.73
2021-05-07,0.6949611402994624,3.15,0.685,0.46
2021-05-08,1.782747490065078,1.81,0.674,2.08
2021-05-09,1.9258194516053826,3.93,0.666,4.61
2021-05-10,2.3305901349176144,3.2,0.805,2.43
2021-05-11,8.689443243783998,2.54,1.5,14.6
2021-05-12,1.1626695332839851,3.04,0.914,1.19
2021-05-13,0.0,1.34,0.567,0.24
2021-05-14,2.5231851459365284,1.78,0.656,7.06
2021-05-15,4.018219522296314,1.03,0.929,6.88
2021-05-16,6.326062217810665,2.35,1.15,13.18
2021-05-17,21.099378199237908,1.74,2.7,23.76
2021-05-18,2.2839825898565556,2.31,2.75,8.13
2021-05-19,0.04780376549905357,1.71,1.38,1.5
2021-05-20,0.07660996904875685,2.13,0.863,0.04
2021-05-21,1.3706266094316026,2.52,0.787,2.78
2021-05-22,19.60727243861428,0.55,2.47,25.08
2021-05-23,0.08032792513945144,2.57,1.59,0.43
2021-05-24,13.853835949156425,2.36,2.53,20.73
2021-05-25,4.616297163919156,1.52,3.55,9.9
2021-05-26,0.020448758498820302,2.21,1.61,0.92
2021-05-27,0.0,3.1,1.09,0.0
2021-05-28,0.00278846706802095,3.94,0.865,0.0
2021-05-29,0.00278846706802095,5.33,0.725,0.0
2021-05-30,0.07382150198073589,5.32,0.609,0.0
2021-05-31,0.0,5.69,0.559,0.0
2021-06-01,0.0,6.37,0.501,0.0
2021-06-02,1.4826985692743628,5.65,0.458,7.96
2021-06-03,0.0,3.53,0.415,0.01
2021-06-04,5.3982257230673225,2.94,1.06,17.45
2021-06-05,1.0366138188612366,0.81,0.703,1.13
2021-06-06,0.0,5.55,0.495,0.0
2021-06-07,0.024737157198306853,5.69,0.407,0.0
2021-06-08,0.0,3.81,0.39,0.0
2021-06-09,0.0,5.13,0.378,0.0
2021-06-10,0.0,4.41,0.35,0.03
2021-06-11,0.07382150198073589,3.98,0.357,0.01
2021-06-12,0.0822633058769997,3.66,0.38,0.05
2021-06-13,0.0,5.44,0.332,0.0
2021-06-14,0.0,5.82,0.338,0.0
2021-06-15,0.0,4.71,0.331,0.0
2021-06-16,0.0,5.71,0.338,0.08
2021-06-17,4.314080226581064,3.72,0.345,5.18
2021-06-18,11.645355370449456,4.86,1.69,18.78
2021-06-19,13.47184834302316,1.49,0.445,17.02
2021-06-20,0.6074556236384148,3.84,3.31,1.15
2021-06-21,10.776268924247185,0.49,1.45,15.77
2021-06-22,6.418350879467612,0.86,1.08,9.25
2021-06-23,0.06670637065240752,1.92,0.674,0.46
2021-06-24,0.0,2.02,0.502,0.01
2021-06-25,1.1348771776023363,0.94,0.465,1.02
2021-06-26,4.876875344449314,2.57,0.652,3.77
2021-06-27,2.850918098353472,1.74,1.15,5.06
2021-06-28,2.056720441415451,1.94,0.786,1.93
2021-06-29,1.590162245816457,1.85,0.51,4.83
2021-06-30,13.625882019482999,1.24,2.05,13.9
2021-07-01,0.0,3.18,0.782,0.01
2021-07-02,0.0,3.61,0.474,0.03
2021-07-03,0.8179757579281159,1.76,0.434,1.91
2021-07-04,29.40056961457004,1.44,6.06,46.6
2021-07-05,4.217293743466087,1.47,2.81,3.76
2021-07-06,3.3693995547515256,2.87,1.54,3.56
2021-07-07,0.20986533283552847,2.11,0.91,0.53
2021-07-08,1.0692691728536778,3.05,1.13,16.76
2021-07-09,1.6731487996866508,1.68,0.934,2.17
2021-07-10,8.940022171531462,0.89,1.66,15.09
2021-07-11,0.00278846706802095,2.41,1.18,0.0
2021-07-12,0.448637594974849,1.06,0.749,0.43
2021-07-13,0.5407676786603618,1.87,0.65,3.01
2021-07-14,0.22704144007824958,0.57,0.609,0.07
2021-07-15,0.0,2.43,0.544,0.01
2021-07-16,0.0,3.5,0.483,0.0
2021-07-17,0.0,4.63,0.425,0.0
2021-07-18,0.00278846706802095,5.2,0.376,0.0
2021-07-19,0.0,3.85,0.335,0.0
2021-07-20,0.0,4.49,0.307,0.0
2021-07-21,0.0,5.01,0.269,0.0
2021-07-22,0.0,4.8,0.257,0.0
2021-07-23,0.0,5.68,0.245,0.04
2021-07-24,0.5605129006230137,1.46,0.255,1.18
2021-07-25,2.049040310263516,2.58,0.489,5.26
2021-07-26,26.65189243434926,1.2,1.47,36.78
2021-07-27,1.0655895603481778,1.59,0.519,1.43
2021-07-28,0.7111636350423767,2.4,0.368,2.07
2021-07-29,0.0,4.02,0.317,0.0
2021-07-30,0.7890705502832169,2.09,0.28,1.6
2021-07-31,18.06375164775565,2.55,1.38,48.07
2021-08-01,6.028663700703883,1.56,2.03,19.11
2021-08-02,5.352675352481815,3.52,1.38,9.72
2021-08-03,2.8013860945587665,2.44,1.02,5.17
2021-08-04,1.336931461619794,3.04,0.537,0.64
2021-08-05,0.08395166665625246,3.43,0.45,0.51
2021-08-06,3.8115780088843896,2.56,0.658,8.04
2021-08-07,9.413264566838809,2.41,0.823,20.47
2021-08-08,4.035264346228772,1.83,1.27,11.01
2021-08-09,9.916674118965231,2.24,1.03,7.28
2021-08-10,6.075251996702544,1.8,1.05,5.02
2021-08-11,0.08032792513945144,3.24,0.735,0.0
2021-08-12,0.07382150198073589,2.46,0.492,0.07
2021-08-13,0.0,3.16,0.415,0.0
2021-08-14,0.1727246512820653,3.72,0.36,0.0
2021-08-15,0.0,3.36,0.334,0.0
2021-08-16,4.476405172992262,1.26,0.409,4.12
2021-08-17,2.540046330242501,0.7,0.462,2.26
2021-08-18,0.00278846706802095,1.15,0.412,0.07
2021-08-19,0.0534392904456038,1.58,0.353,0.03
2021-08-20,0.3193308403283595,1.73,0.313,0.14
2021-08-21,9.46521144278834,2.21,1.23,16.9
2021-08-22,4.038998214625826,1.28,1.32,8.38
2021-08-23,0.38583831231180515,1.87,0.819,0.26
2021-08-24,0.05571590571534114,3.3,0.43,0.0
2021-08-25,0.0,3.55,0.376,0.0
2021-08-26,2.306240235303963,1.84,0.377,0.91
2021-08-27,2.3242825401957674,2.4,0.353,1.57
2021-08-28,1.0133146579355692,2.23,0.392,2.39
2021-08-29,2.126513132413038,1.19,0.332,1.74
2021-08-30,0.08272967818338532,1.39,0.361,0.01
2021-08-31,0.13797921159234083,2.45,0.304,0.0
2021-09-01,0.06415770961160494,1.84,0.277,0.0
2021-09-02,0.0,3.18,0.271,0.0
2021-09-03,0.15823954094337397,2.76,0.244,0.0
2021-09-04,0.14979773704711016,1.51,0.232,0.0
2021-09-05,0.06415770961160494,2.79,0.22,0.0
2021-09-06,0.1553291916912541,2.51,0.237,0.0
2021-09-07,0.0,2.72,0.198,0.0
2021-09-08,0.060780988053099415,2.76,0.19,0.09
2021-09-09,0.2169145309928306,1.91,0.202,3.7
2021-09-10,8.348235779079632,1.27,0.434,15.81
2021-09-11,0.10530224656754104,1.03,0.782,0.16
2021-09-12,0.08214142369290074,1.3,0.296,0.0
2021-09-13,0.07382150198073589,2.11,0.264,0.0
2021-09-14,1.3865413942456255,1.04,0.278,6.38
2021-09-15,0.07382150198073589,1.01,0.314,0.05
2021-09-16,0.15195247013274854,1.64,0.253,0.0
2021-09-17,0.16102800801139494,1.6,0.221,0.0
2021-09-18,0.00278846706802095,1.91,0.213,0.0
2021-09-19,0.0,1.2,0.206,0.0
2021-09-20,0.0,1.45,0.206,0.0
2021-09-21,0.07382150198073589,1.88,0.19,0.0
2021-09-22,0.07382150198073589,1.43,0.177,0.0
2021-09-23,0.00278846706802095,1.41,0.189,0.0
2021-09-24,0.0,1.24,0.193,0.0
2021-09-25,0.16440472956990046,1.64,0.201,0.0
2021-09-26,0.11257739721134845,1.09,0.189,0.07
2021-09-27,5.016450058261778,0.13,0.357,4.8
2021-09-28,0.0,1.54,0.253,0.0
2021-09-29,7.69317485475387,0.81,0.478,13.38
2021-09-30,0.0,0.9,0.284,0.36
2021-10-01,5.76890922502738,0.71,0.32,8.87
2021-10-02,6.1570353643522004,0.33,0.584,8.87
2021-10-03,33.213262212661135,0.32,6.09,33.48
2021-10-04,0.1870358887645645,0.74,1.33,0.68
2021-10-05,10.896745704186163,0.27,1.75,12.88
2021-10-06,8.05722569307532,0.16,1.58,7.04
2021-10-07,0.07660996904875685,1.16,1.16,0.1
2021-10-08,0.07660996904875685,1.32,0.742,0.1
2021-10-09,0.0,1.0,0.619,0.0
2021-10-10,0.37455270612710967,0.87,0.559,0.16
2021-10-11,0.0,0.76,0.516,0.0
2021-10-12,0.9800921169244334,0.67,0.526,2.25
2021-10-13,1.3330847465206772,0.74,0.535,0.89
2021-10-14,0.0,0.42,0.467,0.02
2021-10-15,0.6604772768596285,0.49,0.464,0.56
2021-10-16,0.0,0.97,0.443,0.02
2021-10-17,0.0,0.78,0.407,0.0
2021-10-18,0.11587771607765301,0.71,0.402,0.31
2021-10-19,0.6867401337242734,0.25,0.415,0.2
2021-10-20,6.431462120250917,0.45,0.453,4.91
2021-10-21,4.743952715480983,0.15,1.22,5.83
2021-10-22,0.282207970656589,0.63,0.647,1.02
2021-10-23,0.21318346358352566,0.63,0.535,0.45
2021-10-24,0.07660996904875685,0.7,0.483,0.0
2021-10-25,2.7527404544725185,0.4,0.494,4.68
2021-10-26,0.22797092910092323,0.58,0.537,0.01
2021-10-27,0.0,0.26,0.47,0.0
2021-10-28,0.00278846706802095,0.31,0.486,0.0
2021-10-29,0.9237621886837353,0.2,0.492,1.76
2021-10-30,13.948226288995247,0.03,1.74,17.99
2021-10-31,7.430563376512106,0.02,1.97,12.95
2021-11-01,1.044769634487502,0.22,1.58,2.41
2021-11-02,1.6469816023688841,0.31,1.06,2.21
2021-11-03,2.142867620086158,0.43,1.34,2.9
2021-11-04,0.6394383642949908,0.38,1.63,2.53
2021-11-05,0.25170219458435544,0.28,1.28,0.81
2021-11-06,0.006506423158715551,0.41,0.937,0.09
2021-11-07,0.1270137724680442,0.33,0.859,0.07
2021-11-08,0.07382150198073589,0.31,0.758,0.0
2021-11-09,0.0,0.57,0.676,0.0
2021-11-10,0.07382150198073589,0.51,0.668,0.01
2021-11-11,0.0,0.55,0.617,0.0
2021-11-12,0.09914691366952731,0.37,0.615,0.08
2021-11-13,6.274757136539478,0.23,0.88,3.32
2021-11-14,0.18894830245498967,0.12,0.729,0.3
2021-11-15,0.07382150198073589,0.14,0.653,0.0
2021-11-16,0.0,0.18,0.655,0.0
2021-11-17,0.7429045998643076,0.23,0.637,0.4
2021-11-18,0.009294890226736501,0.34,0.599,0.0
2021-11-19,0.0,0.31,0.591,0.0
2021-11-20,0.11722484232471671,0.35,0.614,0.01
2021-11-21,5.067144461555927,0.01,0.927,6.2
2021-11-22,0.1532199380975137,0.13,0.741,0.0
2021-11-23,0.00844180389626381,0.41,0.618,0.03
2021-11-24,0.0,0.16,0.648,0.0
2021-11-25,2.292952701418031,0.17,0.687,2.89
2021-11-26,6.763276054258511,0.1,1.09,7.85
2021-11-27,2.7774531996507172,0.09,1.63,3.7
2021-11-28,10.352010159530842,0.1,2.07,13.4
2021-11-29,2.0151235448841565,0.11,2.58,2.49
2021-11-30,3.1999611206465173,0.19,1.88,3.0
2021-12-01,8.944519001087262,0.1,2.78,8.12
2021-12-02,6.444602816372074,0.0,3.82,6.39
2021-12-03,1.3189994615246834,0.19,2.35,0.49
2021-12-04,5.9068950367581365,0.0,3.0,4.47
2021-12-05,3.0824315767576933,0.16,2.85,2.51
2021-12-06,9.28467165905935,0.23,2.64,9.24
2021-12-07,1.860589303315215,0.05,4.12,1.77
2021-12-08,0.0,0.0,2.53,0.0
2021-12-09,0.3335965983189607,0.0,1.74,0.38
2021-12-10,34.906156331060934,0.11,8.89,26.93
2021-12-11,3.1152913611625017,0.03,14.3,2.51
2021-12-12,2.303817325830019,0.19,5.45,2.03
2021-12-13,0.07382150198073589,0.12,2.63,0.0
2021-12-14,0.18419868661454797,0.24,2.0,0.08
2021-12-15,0.43664194107378995,0.18,1.85,0.14
2021-12-16,0.0,0.1,1.54,0.0
2021-12-17,0.07382150198073589,0.26,1.34,0.0
2021-12-18,0.00278846706802095,0.19,1.29,0.0
2021-12-19,0.2587968722335556,0.03,1.24,0.0
2021-12-20,0.0,0.35,1.18,0.0
2021-12-21,0.00278846706802095,0.0,1.09,0.0
2021-12-22,0.006506423158715551,0.2,1.03,0.0
2021-12-23,1.2661404694163845,0.41,1.02,0.74
2021-12-24,1.4038042145114087,0.24,1.02,1.92
2021-12-25,16.49799156111857,0.17,5.54,18.3
2021-12-26,1.7736199615143384,0.12466052330022918,2.45,3.22
2021-12-27,2.6277093528510327,0.13014753628724218,2.03,3.12
2021-12-28,14.93240788722408,0.06,7.67,21.39
2021-12-29,1.8279840404195338,0.01,5.39,1.75
2021-12-30,0.8015552668518764,0.06,2.72,0.24
2021-12-31,0.0,0.06,2.13,0.01
2022-01-01,0.0,0.1,1.72,0.01
2022-01-02,6.839094328775053,0.13,1.89,10.62
2022-01-03,10.699595563052442,0.0,4.07,13.29
2022-01-04,4.497666604536867,0.03,5.08,6.98
2022-01-05,0.1662327844149448,0.27,3.72,0.28
2022-01-06,0.0055769341360419,0.18,2.09,0.23
2022-01-07,4.450521528600873,0.05,2.02,4.03
2022-01-08,19.506184900083554,0.02,3.87,17.63
2022-01-09,1.0170640807871352,0.0,10.4,1.05
2022-01-10,0.08218690318479874,0.22,3.44,0.0
2022-01-11,0.0,0.14,2.03,0.0
2022-01-12,0.7247858922803025,0.32,1.73,0.21
2022-01-13,0.0,0.07,1.58,0.0
2022-01-14,0.009294890226736501,0.24,1.48,0.0
2022-01-15,0.0,0.16,1.42,0.0
2022-01-16,1.7145535568777124,0.22,1.45,1.91
2022-01-17,0.0,0.19,1.33,0.0
2022-01-18,0.0,0.31,1.27,0.0
2022-01-19,1.1898032883607954,0.04,1.22,1.13
2022-01-20,1.609088649197257,0.13,1.22,1.22
2022-01-21,0.5648012993225003,0.34,1.17,0.34
2022-01-22,0.0,0.25,1.1,0.0
2022-01-23,0.0,0.22,1.07,0.0
2022-01-24,0.0,0.18,1.04,0.0
2022-01-25,0.15600840516553463,0.25,0.967,0.0
2022-01-26,0.0,0.32,0.998,0.0
2022-01-27,2.5806026127079527,0.0,1.07,1.59
2022-01-28,0.15693789418820828,0.12,1.0,0.0
2022-01-29,0.10000000000000002,0.3,0.995,0.0
2022-01-30,0.07382150198073589,0.26,0.945,0.0
2022-01-31,3.529565075306283,0.8,1.19,3.15
2022-02-01,1.254594731954783,0.29,1.07,0.79
2022-02-02,1.6519333022362912,0.3,1.14,0.4
2022-02-03,0.0,0.36,1.08,0.01
2022-02-04,2.774812837404016,0.13,1.2,2.5
2022-02-05,0.013506886234022093,0.63,1.09,0.09
2022-02-06,21.902946516576076,0.1,6.43,24.21
2022-02-07,0.0,0.64,4.74,0.0
2022-02-08,0.4408895608444608,0.32,2.14,0.21
2022-02-09,0.15600840516553463,0.44,1.72,0.01
2022-02-10,3.137272419466075,0.15,1.65,3.63
2022-02-11,0.0,0.48,1.52,0.0
2022-02-12,0.0037179560906946004,0.8,1.33,0.0
2022-02-13,0.0,1.24,1.29,0.0
2022-02-14,0.699369521607715,0.95,1.22,1.24
2022-02-15,7.109953490831576,0.51,1.27,5.2
2022-02-16,4.140988930583785,0.56,2.64,3.83
2022-02-17,2.524459214039709,1.1,1.73,3.02
2022-02-18,1.7298397628747832,1.32,1.91,2.21
2022-02-19,1.5491283793013426,0.77,1.42,1.46
2022-02-20,10.995185736771205,0.33,1.89,10.25
2022-02-21,2.0224605419285697,0.59,4.46,3.15
2022-02-22,0.4461430723300062,0.4,2.7,0.97
2022-02-23,0.009294890226736501,1.17,1.95,0.0
2022-02-24,3.7478201324077616,0.55,2.06,4.19
2022-02-25,0.00844180389626381,0.67,1.73,0.73
2022-02-26,0.009294890226736501,1.07,1.38,0.0
2022-02-27,0.0,1.21,1.3,0.0
2022-02-28,0.0,1.43,1.17,0.0
2022-03-01,0.6473097255824626,0.7,1.14,1.3
2022-03-02,0.0,1.03,1.06,0.52
2022-03-03,0.0,1.14,1.03,0.0
2022-03-04,0.0,1.15,0.938,0.0
2022-03-05,0.0037179560906946004,1.14,0.908,0.0
2022-03-06,0.0,1.44,0.866,0.0
2022-03-07,0.0,1.78,0.83,0.0
2022-03-08,0.0,1.65,0.816,0.0
2022-03-09,0.0,1.82,0.781,0.0
2022-03-10,0.0,1.78,0.752,0.0
2022-03-11,0.4392190119469006,1.85,0.761,0.95
2022-03-12,0.0,1.2,0.749,0.05
2022-03-13,0.11570709881155847,1.92,0.734,1.26
2022-03-14,0.00278846706802095,1.28,0.669,0.04
2022-03-15,1.7716972374930524,0.65,0.713,2.93
2022-03-16,0.0,0.55,0.704,0.03
2022-03-17,0.0,1.18,0.667,0.0
2022-03-18,0.00278846706802095,2.63,0.622,0.0
2022-03-19,0.0,4.24,0.61,0.0
2022-03-20,0.835348250471804,0.51,0.646,1.31
2022-03-21,0.00278846706802095,1.76,0.619,0.0
2022-03-22,0.0,2.17,0.6,0.0
2022-03-23,0.00278846706802095,2.07,0.586,0.0
2022-03-24,0.0,2.35,0.573,0.0
2022-03-25,0.00278846706802095,2.6,0.548,0.0
2022-03-26,0.0,3.03,0.554,0.0
2022-03-27,0.07382150198073589,1.32,0.536,0.0
2022-03-28,0.0,1.81,0.561,0.01
2022-03-29,0.0,1.08,0.569,0.32
2022-03-30,0.00844180389626381,1.26,0.573,1.38
2022-03-31,0.35542015067505006,1.49,0.575,0.85
2022-04-01,3.1287523133022774,0.78,0.702,3.3
2022-04-02,0.0,2.2,0.593,0.35
2022-04-03,0.0037179560906946004,1.35,0.556,0.36
2022-04-04,6.244854536893452,0.27,0.784,6.78
2022-04-05,2.824558583779033,0.72,0.896,3.51
2022-04-06,3.5272317688013697,0.57,0.783,4.4
2022-04-07,3.8383499243518484,2.84,1.11,6.1
2022-04-08,0.37282546599437405,0.65,0.669,0.58
2022-04-09,0.0753879805758897,2.56,0.623,1.12
2022-04-10,0.0,1.79,0.585,0.0
2022-04-11,0.0,3.12,0.562,0.0
2022-04-12,0.0,3.37,0.534,0.0
2022-04-13,0.2400542863956807,1.21,0.512,0.86
2022-04-14,0.0,1.99,0.511,0.0
2022-04-15,0.00278846706802095,2.69,0.493,0.0
2022-04-16,0.0,3.68,0.479,0.0
2022-04-17,0.0,3.52,0.469,0.0
2022-04-18,0.0,3.22,0.458,0.0
2022-04-19,0.0,3.05,0.436,0.0
2022-04-20,0.0,4.77,0.434,0.0
2022-04-21,0.0,5.02,0.411,0.0
2022-04-22,0.0,2.91,0.42,0.0
2022-04-23,0.0,4.18,0.416,0.0
2022-04-24,0.0,4.33,0.418,0.0
2022-04-25,2.1453165742808826,1.55,0.463,5.24
2022-04-26,0.07382150198073589,3.64,0.417,0.05
2022-04-27,0.00278846706802095,3.27,0.374,0.0
2022-04-28,0.0,3.59,0.339,0.0
2022-04-29,0.0,2.42,0.343,0.0
2022-04-30,0.0,2.43,0.36,0.0
2022-05-01,0.0,2.37,0.375,0.0
2022-05-02,0.0,3.58,0.339,0.0
2022-05-03,0.0,2.74,0.326,0.0
2022-05-04,0.0,2.48,0.325,0.0
2022-05-05,0.835523479342761,1.14,0.399,0.14
2022-05-06,0.07660996904875685,3.63,0.351,0.0
2022-05-07,0.9745513501123451,2.74,0.328,0.0
2022-05-08,0.0,4.42,0.325,0.0
2022-05-09,0.0,4.19,0.309,0.0
2022-05-10,0.0,2.87,0.29,0.0
2022-05-11,0.0,4.14,0.282,0.0
2022-05-12,0.0,3.0,0.271,0.0
2022-05-13,0.0,2.64,0.267,0.0
2022-05-14,0.0,4.19,0.264,0.0
2022-05-15,0.0,5.12,0.242,0.0
2022-05-16,0.0,2.9,0.228,0.0
2022-05-17,0.04220901948131904,4.64,0.226,0.3
2022-05-18,0.1202959531144184,4.19,0.258,0.83
2022-05-19,33.146625525047945,1.62,3.86,65.1
2022-05-20,3.911746823325651,1.09,0.961,5.41
2022-05-21,0.0,3.38,0.447,0.0
2022-05-22,0.0037179560906946004,4.49,0.356,0.29
2022-05-23,7.288863943609609,0.55,0.646,8.47
2022-05-24,2.5323807553821607,2.95,0.558,6.8
2022-05-25,0.0,2.99,0.377,0.12
2022-05-26,0.0,2.87,0.302,0.0
2022-05-27,0.2791336042767897,4.14,0.291,0.13
2022-05-28,0.0,3.79,0.281,0.0
2022-05-29,1.6742878742871217,2.63,0.303,2.14
2022-05-30,0.0,2.44,0.289,0.0
2022-05-31,0.19132898802713333,3.29,0.278,2.39
2022-06-01,0.0,3.69,0.259,0.07
2022-06-02,0.0,5.43,0.241,0.0
2022-06-03,0.6978888468309268,4.92,0.225,1.64
2022-06-04,5.843877945489455,5.66,0.24,7.34
2022-06-05,8.703223819423604,0.19,0.669,11.53
2022-06-06,0.0,2.43,0.331,0.09
2022-06-07,1.4322916959736973,1.8,0.286,1.53
2022-06-08,13.402663240335606,1.3,1.46,18.56
2022-06-09,0.025325411688791422,3.43,0.443,0.64
2022-06-10,0.0,2.31,0.281,0.07
2022-06-11,0.00836540120406285,4.82,0.267,0.16
2022-06-12,0.0,4.98,0.242,0.01
2022-06-13,0.0,4.46,0.226,0.0
2022-06-14,0.0,5.98,0.22,0.03
2022-06-15,0.0,5.61,0.225,0.04
2022-06-16,0.0,5.72,0.227,0.01
2022-06-17,0.0,6.11,0.231,0.07
2022-06-18,0.0,5.29,0.235,0.04
2022-06-19,3.584244166106447,1.85,0.323,4.19
2022-06-20,0.15972636125622924,4.71,0.294,0.51
2022-06-21,0.0,3.33,0.259,0.0
2022-06-22,0.00278846706802095,6.62,0.239,0.04
2022-06-23,0.32502965664850036,5.04,0.224,0.68
2022-06-24,15.421719124201836,2.52,1.22,23.04
2022-06-25,1.3556493587516532,2.29,0.395,1.86
2022-06-26,0.07382150198073589,4.62,0.275,0.0
2022-06-27,6.5354284523146715,2.53,0.903,6.09
2022-06-28,0.0,5.01,0.362,0.0
2022-06-29,0.0,5.71,0.169,0.0
2022-06-30,14.520062044474734,0.42,1.03,15.9
2022-07-01,0.08505177294502066,3.48,0.477,0.04
2022-07-02,0.0,5.35,0.215,0.0
2022-07-03,0.0,3.57,0.172,0.0
2022-07-04,0.0,4.13,0.168,0.0
2022-07-05,0.00278846706802095,4.81,0.159,0.0
2022-07-06,0.0,3.88,0.144,0.0
2022-07-07,0.2096361247589256,2.81,0.162,0.31
2022-07-08,0.0,5.52,0.149,0.0
2022-07-09,0.0,4.37,0.135,0.0
2022-07-10,0.0,5.36,0.123,0.0
2022-07-11,0.0,6.01,0.109,0.0
2022-07-12,0.0,4.95,0.097,0.04
2022-07-13,0.17088022952831303,4.88,0.092,0.91
2022-07-14,1.3417669702368213,4.58,0.136,4.3
2022-07-15,0.0,4.54,0.101,0.0
2022-07-16,0.0,5.86,0.091,0.0
2022-07-17,0.0,5.68,0.086,0.0
2022-07-18,0.0,5.47,0.084,0.0
2022-07-19,0.0,6.76,0.076,0.0
2022-07-20,1.3230468968437215,1.45,0.116,3.62
2022-07-21,2.4070764111651592,1.31,0.151,2.55
2022-07-22,0.7508359969352725,2.6,0.124,1.9
2022-07-23,0.0,4.1,0.114,0.0
2022-07-24,0.0,6.04,0.093,0.0
2022-07-25,0.0,2.37,0.078,0.02
2022-07-26,0.22146450594220768,2.26,0.085,0.22
2022-07-27,0.0,4.48,0.078,0.0
2022-07-28,0.0,4.72,0.073,0.0
2022-07-29,0.00844180389626381,4.0,0.071,0.0
2022-07-30,0.0,3.15,0.067,0.09
2022-07-31,0.0,2.38,0.067,0.03
2022-08-01,0.7390160265075185,3.16,0.072,1.05
2022-08-02,0.0,4.27,0.066,0.0
2022-08-03,0.0,4.82,0.052,0.0
2022-08-04,0.39885115862923626,3.04,0.061,1.79
2022-08-05,0.0,3.72,0.061,0.0
2022-08-06,0.0,4.28,0.055,0.0
2022-08-07,0.0,5.28,0.049,0.0
2022-08-08,0.0,4.71,0.047,0.0
2022-08-09,0.010130164675516569,5.58,0.046,0.0
2022-08-10,0.0,6.07,0.048,0.0
2022-08-11,0.00844180389626381,6.38,0.047,0.0
2022-08-12,0.00844180389626381,6.83,0.048,0.0
2022-08-13,0.01688360779252762,5.47,0.041,0.0
2022-08-14,0.03883229792281352,3.37,0.04,0.0
2022-08-15,0.00844180389626381,3.78,0.048,0.03
2022-08-16,2.0509492904474036,2.27,0.042,6.12
2022-08-17,3.8233154310838753,1.17,0.628,13.86
2022-08-18,0.0,3.01,0.151,0.0
2022-08-19,0.7259999245999897,1.63,0.083,1.35
2022-08-20,0.0,3.18,0.075,0.0
2022-08-21,0.0,2.48,0.056,0.0
2022-08-22,0.007435912181389201,3.25,0.051,0.84
2022-08-23,0.018571968571780378,3.24,0.05,0.0
2022-08-24,0.00844180389626381,3.09,0.049,0.0
2022-08-25,0.011818525454769333,3.52,0.049,0.0
2022-08-26,0.010130164675516569,2.32,0.044,0.0
2022-08-27,0.00844180389626381,3.1,0.044,0.0
2022-08-28,0.0,5.01,0.046,0.0
2022-08-29,0.0,4.37,0.047,0.0
2022-08-30,0.0,4.32,0.039,0.0
2022-08-31,0.0,3.9,0.04,0.0
2022-09-01,0.00844180389626381,3.63,0.04,0.0
2022-09-02,0.0,2.34,0.033,0.25
2022-09-03,0.23618162534525128,2.32,0.042,1.65
2022-09-04,0.0,2.86,0.038,0.0
2022-09-05,9.760504408701546,1.85,0.098,15.57
2022-09-06,4.665993177049261,2.16,0.251,6.1
2022-09-07,0.7929151780793127,1.98,0.233,2.57
2022-09-08,11.820874725312802,1.5,0.198,15.59
2022-09-09,0.7539089183420871,1.03,0.287,1.1
2022-09-10,0.7628771303282296,2.01,0.171,0.99
2022-09-11,0.07382150198073589,1.78,0.106,0.0
2022-09-12,0.00278846706802095,2.54,0.057,0.03
2022-09-13,0.36273743626243793,0.66,0.053,0.42
2022-09-14,7.919576049669543,0.22,0.389,8.39
2022-09-15,0.08505177294502066,2.0,0.123,0.03
2022-09-16,14.664388817263543,0.9,0.341,13.45
2022-09-17,17.090728800316366,1.16,1.64,19.24
2022-09-18,0.909308001545347,1.58,0.401,0.65
2022-09-19,0.29880567913733824,1.79,0.173,0.11
2022-09-20,0.00278846706802095,1.0,0.101,0.15
2022-09-21,0.00278846706802095,1.86,0.088,0.0
2022-09-22,0.0055769341360419,1.91,0.106,0.0
2022-09-23,1.9620141882692441,0.96,0.077,2.92
2022-09-24,9.041581885637353,0.92,0.535,10.16
2022-09-25,0.433777071313568,1.45,0.208,1.17
2022-09-26,12.753529259058764,0.35,0.587,14.74
2022-09-27,13.694469088916426,1.05,1.21,15.03
2022-09-28,2.8402474161065507,1.39,0.76,3.78
2022-09-29,0.17475424659350713,1.0,0.224,0.43
2022-09-30,5.94286707652559,1.23,0.147,6.26
2022-10-01,9.265043253073587,1.0,1.48,9.74
2022-10-02,13.771746516135618,0.25,1.19,11.92
2022-10-03,0.1013471262470637,1.06,0.389,0.0
2022-10-04,0.00836540120406285,1.22,0.245,0.0
2022-10-05,0.37834706491000525,0.77,0.225,0.45
2022-10-06,0.01291863174353752,0.87,0.208,0.0
2022-10-07,0.00278846706802095,1.08,0.183,0.0
2022-10-08,0.11730124501691766,0.96,0.175,0.18
2022-10-09,0.009294890226736501,1.06,0.171,0.0
2022-10-10,0.03207885480580247,0.6,0.173,0.01
2022-10-11,0.0669461766796259,1.02,0.158,0.0
2022-10-12,0.07660996904875685,0.88,0.177,0.01
2022-10-13,1.339597769817808,0.39,0.19,0.61
2022-10-14,2.004294998837902,0.67,0.223,0.39
2022-10-15,0.8022864709982501,0.56,0.221,0.46
2022-10-16,0.3351907445243199,0.72,0.209,0.4
2022-10-17,10.743296014451477,0.31,0.903,10.54
2022-10-18,0.0,0.56,0.288,0.06
2022-10-19,0.0,0.65,0.238,0.0
2022-10-20,0.6407221991684638,0.49,0.204,0.82
2022-10-21,0.0,0.63,0.202,0.0
2022-10-22,0.01688360779252762,0.49,0.169,0.0
2022-10-23,2.6130944931332825,0.66,0.167,2.94
2022-10-24,11.08503858046047,0.64,0.707,20.67
2022-10-25,0.00844180389626381,0.39,0.808,0.08
2022-10-26,0.0,0.56,0.243,0.05
2022-10-27,0.00844180389626381,0.37,0.179,0.0
2022-10-28,0.0,0.48,0.16,0.0
2022-10-29,0.0,0.8,0.145,0.0
2022-10-30,0.0,0.32,0.163,0.0
2022-10-31,0.39687029839979,0.3,0.141,0.33
2022-11-01,1.9504313820712729,0.68,0.167,2.59
2022-11-02,0.1013471262470637,0.46,0.202,0.13
2022-11-03,4.689166298788316,0.42,0.202,6.96
2022-11-04,1.5766994830595684,0.19,0.39,1.62
2022-11-05,0.035320582861598705,0.39,0.311,0.0
2022-11-06,5.569324962676437,0.19,0.412,0.23
2022-11-07,0.17947483880897877,0.43,0.381,0.49
2022-11-08,0.0,0.53,0.209,0.0
2022-11-09,0.2546434670367783,0.0,0.192,0.72
2022-11-10,0.0,0.08,0.188,0.02
2022-11-11,0.0,0.32,0.174,0.0
2022-11-12,0.006506423158715551,0.22,0.167,0.0
2022-11-13,0.0055769341360419,0.18,0.179,0.0
2022-11-14,0.02137824752149395,0.3,0.185,0.0
2022-11-15,4.9744243127628165,0.07,0.27,5.13
2022-11-16,15.098490301598243,0.0,0.485,15.73
2022-11-17,3.027248135710078,0.0,2.16,3.69
2022-11-18,0.08590485927549335,0.12,0.459,0.23
2022-11-19,3.0709598878106115,0.24,0.47,3.8
2022-11-20,1.7601439984806193,0.04,0.413,1.87
2022-11-21,3.7802027873652553,0.03,0.393,3.14
2022-11-22,0.289500933182089,0.18,0.579,0.55
2022-11-23,4.432712588788186,0.0,0.607,5.85
2022-11-24,0.7190950321133416,0.03,0.486,0.99
2022-11-25,5.31118153588229,0.0,0.84,5.28
2022-11-26,0.018589780453473002,0.09,0.419,0.2
2022-11-27,9.209280333935142,0.06,0.755,9.09
2022-11-28,2.194120710685252,0.08,1.21,2.49
2022-11-29,0.0111538682720838,0.28,0.549,0.12
2022-11-30,0.0,0.3,0.434,0.0
2022-12-01,0.0,0.01,0.386,0.0
2022-12-02,0.08032792513945144,0.3,0.37,0.07
2022-12-03,0.0,0.52,0.35,0.0
2022-12-04,0.0,0.32,0.333,0.0
2022-12-05,5.343118886005187,0.21,0.495,5.68
2022-12-06,0.011818525454769333,0.1,0.42,0.0
2022-12-07,2.462259763254555,0.17,0.434,2.3
2022-12-08,0.1847264507191913,0.02,0.431,0.0
2022-12-09,0.01208335729475745,0.21,0.413,0.07
2022-12-10,0.0,0.21,0.369,0.0
2022-12-11,0.0,0.13,0.347,0.0
2022-12-12,0.0,0.0,0.34,0.0
2022-12-13,0.007435912181389201,0.06,0.325,0.0
2022-12-14,0.0,0.02,0.326,0.02
2022-12-15,0.00278846706802095,0.0,0.299,0.01
2022-12-16,0.00836540120406285,0.0,0.283,0.0
2022-12-17,0.00278846706802095,0.0,0.268,0.0
2022-12-18,4.242142472517631,0.17,0.255,3.27
2022-12-19,5.636872505165158,0.36,1.12,6.24
2022-12-20,20.03974117407605,0.0,1.96,21.29
2022-12-21,3.0925153527366156,0.0,2.67,2.92
2022-12-22,9.377697507579484,0.1,2.74,8.14
2022-12-23,11.03072377240556,0.0,3.3,10.93
2022-12-24,3.7898970483323406,0.0,2.65,2.69
2022-12-25,12.993388061565895,0.05,2.4,12.83
2022-12-26,0.8923170678603154,0.0,3.59,0.89
2022-12-27,0.0793984361167778,0.06,1.61,0.12
2022-12-28,3.9166998792078234,0.08,1.29,3.66
2022-12-29,2.5866979987806937,0.21,1.58,2.65
2022-12-30,5.438392148253649,0.0,1.7,4.77
2022-12-31,6.645902466801407,0.46,4.21,9.16
2023-01-01,2.3623652785299463,0.42,1.71,3.35
2023-01-02,4.241175549114459,0.0,1.97,6.33
2023-01-03,2.372349237959476,0.16,1.55,1.76
2023-01-04,6.876315123213162,0.0,2.46,5.05
2023-01-05,0.7377631148343484,0.0,2.03,0.54
2023-01-06,3.709301490365152,0.04,1.74,2.05
2023-01-07,1.0339200209694572,0.42,1.65,1.58
2023-01-08,4.457941073873554,0.16,1.38,3.41
2023-01-09,3.7032468832212277,0.01,1.75,3.61
2023-01-10,4.406353617774315,0.06,1.98,4.47
2023-01-11,10.753733056952344,0.11,2.19,13.33
2023-01-12,20.910759929383076,0.0,11.7,18.89
2023-01-13,0.06880515472497319,0.27,6.17,0.58
2023-01-14,8.734527897958747,0.0,4.62,9.26
2023-01-15,7.198453232861872,0.06,4.32,5.85
2023-01-16,8.517034513601597,0.03,7.22,9.5
2023-01-17,0.026025692634862204,0.0,4.12,0.0
2023-01-18,0.020448758498820302,0.13,2.16,0.0
2023-01-19,0.0037179560906946004,0.16,1.67,0.03
2023-01-20,2.5284954376154696,0.2,1.5,1.67
2023-01-21,0.006506423158715551,0.0,1.44,0.0
2023-01-22,0.00278846706802095,0.34,1.23,0.0
2023-01-23,0.0,0.4,1.13,0.0
2023-01-24,0.0,0.42,1.06,0.0
2023-01-25,0.05015678346099186,0.24,1.01,0.0
2023-01-26,3.440705832259756,0.49,1.22,1.9
2023-01-27,0.0,0.59,1.07,0.0
2023-01-28,0.0,0.39,0.949,0.0
2023-01-29,0.0,0.41,0.895,0.0
2023-01-30,0.1668974415976303,0.47,0.874,0.07
2023-01-31,0.46579733530886214,0.16,0.818,0.22
2023-02-01,0.0,0.7,0.761,0.01
2023-02-02,0.08032792513945144,0.58,0.732,0.06
2023-02-03,0.0,0.49,0.709,0.0
2023-02-04,0.8830676571254769,0.28,0.733,0.34
2023-02-05,1.0341183058457573,0.69,0.743,0.85
2023-02-06,0.00278846706802095,0.26,0.687,0.0
2023-02-07,0.00278846706802095,0.26,0.672,0.0
2023-02-08,0.00278846706802095,0.45,0.652,0.0
2023-02-09,0.0,0.57,0.641,0.0
2023-02-10,0.0,0.34,0.622,0.0
2023-02-11,0.0,0.33,0.625,0.0
2023-02-12,0.0,0.61,0.608,0.0
2023-02-13,0.0,0.36,0.594,0.0
2023-02-14,0.00278846706802095,0.37,0.583,0.0
2023-02-15,0.0037179560906946004,0.55,0.581,0.0
2023-02-16,0.2473683163929709,0.58,0.578,0.44
2023-02-17,0.0,0.58,0.551,0.01
2023-02-18,0.37162128940319955,0.38,0.548,0.04
2023-02-19,0.0,0.5,0.535,0.01
2023-02-20,0.0,0.44,0.508,0.0
2023-02-21,0.08032792513945144,0.21,0.523,0.0
2023-02-22,1.360533968094804,0.27,0.533,2.85
2023-02-23,0.7964348492937074,0.48,0.584,0.9
2023-02-24,1.261954241443971,0.46,0.538,0.56
2023-02-25,0.2620695234896548,0.96,0.568,0.21
2023-02-26,0.0,1.74,0.494,0.0
2023-02-27,0.0,1.36,0.463,0.0
2023-02-28,0.0,1.45,0.46,0.04
2023-03-01,0.0037179560906946004,1.31,0.519,0.0
2023-03-02,0.0,1.13,0.506,0.0
2023-03-03,0.0,0.89,0.455,0.0
2023-03-04,0.24274853888980805,0.63,0.454,0.01
2023-03-05,0.8722859465858851,0.35,0.507,0.25
2023-03-06,2.4923170678603155,0.9,0.507,2.29
2023-03-07,9.829109914743174,0.11,1.29,8.61
2023-03-08,15.82660806067166,0.25,2.2,16.49
2023-03-09,25.04275920505355,0.19,5.14,20.98
2023-03-10,3.6889731690774457,0.08,10.3,2.78
2023-03-11,0.010224379249410151,0.88,4.29,0.15
2023-03-12,1.963907434063212,1.04,2.31,1.34
2023-03-13,1.3396220928796958,1.71,1.96,1.59
2023-03-14,10.828449056711156,0.12,3.07,8.99
2023-03-15,1.0892084337318955,1.22,3.14,0.92
2023-03-16,0.25887327492575657,2.32,1.99,0.24
2023-03-17,0.4096084571487203,1.49,1.52,0.6
2023-03-18,1.4392334792802757,1.25,1.32,4.16
2023-03-19,0.02323722556684125,0.33,1.26,0.14
2023-03-20,0.01688360779252762,0.83,1.07,0.19
2023-03-21,0.8296138103882781,0.67,1.06,1.48
2023-03-22,1.8252897879254062,0.48,1.04,1.56
2023-03-23,4.991203306692369,0.82,1.57,5.58
2023-03-24,4.840940642311858,1.17,1.69,4.4
2023-03-25,1.9603422833569195,1.32,1.72,3.27
2023-03-26,13.07589567537166,0.22,3.45,11.37
2023-03-27,0.5524690224941144,1.3,2.59,1.23
2023-03-28,1.0604575654026032,1.36,1.71,1.33
2023-03-29,0.0,1.6,1.54,0.01
2023-03-30,0.7551046841777336,1.5,1.31,1.42
2023-03-31,18.1994417672974,0.11,3.07,21.19
2023-04-01,11.339932947772152,0.27,7.19,11.18
2023-04-02,0.18761103193643874,0.58,4.24,0.1
2023-04-03,0.01208335729475745,3.05,2.26,0.0
2023-04-04,0.0,2.56,1.73,0.0
2023-04-05,0.018589780453473002,2.33,1.41,0.0
2023-04-06,4.2772047347194375,0.36,1.55,5.25
2023-04-07,0.8796444579121571,0.94,1.4,2.31
2023-04-08,0.0,1.09,1.16,0.0
2023-04-09,0.01208335729475745,2.54,1.09,0.0
2023-04-10,2.3721949876020894,0.84,1.13,2.94
2023-04-11,2.8526949749806203,1.7,1.12,2.36
2023-04-12,7.413732838720527,2.08,1.93,8.2
2023-04-13,3.8669377659240984,2.29,2.32,5.83
2023-04-14,0.0,2.27,1.36,0.04
2023-04-15,3.561440490070355,3.04,1.35,3.87
2023-04-16,0.0,2.46,1.07,0.0
2023-04-17,0.0,1.0,0.996,0.0
2023-04-18,0.0,3.0,0.92,0.0
2023-04-19,0.0,4.02,0.869,0.0
2023-04-20,0.09454820363815467,0.99,0.83,0.24
2023-04-21,7.070845507177345,1.82,1.11,6.67
2023-04-22,4.830860210881253,0.77,1.61,3.67
2023-04-23,1.5922636322152377,0.83,1.14,2.29
2023-04-24,5.012553074149461,1.55,1.63,5.88
2023-04-25,0.9406978761065761,2.36,1.12,0.6
2023-04-26,0.0037179560906946004,2.5,0.939,0.0
2023-04-27,0.3075301267552828,2.58,0.871,0.57
2023-04-28,5.482551104764111,0.75,1.34,5.81
2023-04-29,0.0,1.3,0.934,0.0
2023-04-30,0.0055769341360419,2.89,0.842,0.0
2023-05-01,0.0,2.3,0.772,0.21
2023-05-02,0.0,3.37,0.72,0.0
2023-05-03,0.0,4.21,0.683,0.0
2023-05-04,0.9397781538541952,3.48,0.672,2.5
2023-05-05,0.6660081801509243,1.72,0.826,11.14
2023-05-06,0.00278846706802095,2.13,0.677,0.07
2023-05-07,12.07512079455822,0.94,1.76,15.88
2023-05-08,0.0,1.1,1.25,0.01
2023-05-09,15.846055912496878,0.29,2.25,16.64
2023-05-10,1.3140234385953882,1.66,2.35,4.09
2023-05-11,0.0037179560906946004,1.5,1.73,2.68
2023-05-12,12.984491275022963,1.24,3.44,14.53
2023-05-13,0.07382150198073589,3.32,2.14,0.0
2023-05-14,0.0,3.21,1.4,0.0
2023-05-15,3.481471976988913,0.56,1.45,6.16
2023-05-16,0.07660996904875685,3.32,1.16,0.0
2023-05-17,0.07382150198073589,3.95,0.911,0.04
2023-05-18,0.0,4.04,0.783,0.0
2023-05-19,0.0037179560906946004,4.21,0.69,0.0
2023-05-20,0.0,4.69,0.613,0.0
2023-05-21,0.0,2.14,0.585,0.0
2023-05-22,0.0,1.45,0.565,0.0
2023-05-23,0.0,2.91,0.535,0.0
2023-05-24,0.07382150198073589,3.25,0.494,0.0
2023-05-25,0.07382150198073589,4.36,0.471,0.0
2023-05-26,0.0,5.49,0.443,0.0
2023-05-27,0.0,5.27,0.425,0.0
2023-05-28,0.0,5.39,0.412,0.0
2023-05-29,0.0,4.88,0.388,0.0
2023-05-30,0.0,5.09,0.375,0.15
2023-05-31,0.0,5.93,0.366,0.0
2023-06-01,0.0,4.88,0.371,0.0
2023-06-02,0.0037179560906946004,4.8,0.372,0.0
2023-06-03,0.0,7.12,0.374,0.0
2023-06-04,0.0,6.61,0.332,0.0
2023-06-05,0.0,5.03,0.329,0.0
2023-06-06,0.0,4.82,0.331,0.0
2023-06-07,0.0,4.14,0.339,0.0
2023-06-08,0.0,5.62,0.326,0.0
2023-06-09,0.0,6.89,0.315,0.02
2023-06-10,0.0,5.86,0.309,0.0
2023-06-11,0.20419228455026012,5.01,0.4,7.23
2023-06-12,0.0,6.49,0.358,0.07
2023-06-13,0.0,6.84,0.288,0.02
2023-06-14,0.0,6.59,0.296,0.0
2023-06-15,0.0,6.25,0.289,0.0
2023-06-16,0.0,4.66,0.291,0.0
2023-06-17,1.0126247762785794,3.17,0.289,0.81
2023-06-18,3.0927084824474846,2.48,0.351,4.83
2023-06-19,0.03926774702889617,4.34,0.325,0.29
2023-06-20,18.172105808066284,3.04,1.37,47.58
2023-06-21,0.8043695019547699,4.99,0.749,0.89
2023-06-22,6.434316679680277,1.27,0.561,6.4
2023-06-23,0.6952512855719749,3.68,0.357,1.22
2023-06-24,0.0055769341360419,5.75,0.209,0.03
2023-06-25,0.0,6.61,0.188,0.07
2023-06-26,0.0,3.68,0.155,0.03
2023-06-27,0.0,3.66,0.154,0.01
2023-06-28,0.0,1.97,0.162,0.15
2023-06-29,0.3882349101903086,1.96,0.175,1.15
2023-06-30,0.0,3.74,0.173,0.04
2023-07-01,2.5072086036801196,1.38,0.205,1.65
2023-07-02,0.0,3.24,0.164,0.0
2023-07-03,0.4185161787490215,3.38,0.134,0.42
2023-07-04,2.221901311063055,2.17,0.133,4.76
2023-07-05,2.1604251972293156,3.6,0.299,3.59
2023-07-06,0.00278846706802095,3.57,0.158,0.0
2023-07-07,0.0,5.73,0.124,0.09
2023-07-08,0.0,4.92,0.097,0.15
2023-07-09,1.292655046802407,2.28,0.122,2.61
2023-07-10,0.0,4.59,0.137,0.0
2023-07-11,0.0,5.08,0.092,0.08
2023-07-12,3.78474806175155,4.18,0.204,4.39
2023-07-13,2.866563350764425,3.78,0.154,3.08
2023-07-14,0.0,4.1,0.148,0.16
2023-07-15,1.8852453572582384,3.92,0.109,2.82
2023-07-16,0.2622678083659547,2.37,0.106,0.51
2023-07-17,0.23819530835033337,3.68,0.094,0.96
2023-07-18,0.07382150198073589,4.75,0.084,0.0
2023-07-19,2.9781568251451054,2.13,0.092,4.11
2023-07-20,7.637169535054275,1.86,0.298,7.53
2023-07-21,0.0,3.81,0.224,0.32
2023-07-22,0.2654462450481603,2.53,0.101,0.47
2023-07-23,27.687695292012357,1.42,1.06,26.89
2023-07-24,18.09599623355575,2.63,2.67,15.69
2023-07-25,1.7960416240894255,3.42,0.408,3.0
2023-07-26,0.773129177187845,3.32,0.199,0.79
2023-07-27,16.733523905819204,0.67,0.992,17.14
2023-07-28,1.1872229618975871,2.25,0.551,0.11
2023-07-29,4.02819136857015,2.46,0.266,2.06
2023-07-30,9.405692759742296,2.61,0.437,7.95
2023-07-31,13.604078813121692,0.84,1.06,15.15
2023-08-01,0.27549205087829604,2.81,0.873,0.53
2023-08-02,15.63430555689522,3.03,0.96,14.41
2023-08-03,3.488673160284141,1.9,1.99,4.87
2023-08-04,2.920391523703077,2.88,0.467,6.05
2023-08-05,12.70929226715543,1.03,0.463,11.83
2023-08-06,12.444470623857114,1.56,2.82,15.63
2023-08-07,0.30736936521770103,3.12,0.696,0.0
2023-08-08,4.030713916677047,1.59,0.463,4.8
2023-08-09,0.9343653258040526,4.47,0.618,0.35
2023-08-10,0.08218690318479874,4.72,0.304,0.0
2023-08-11,0.01951926947614665,2.41,0.253,0.48
2023-08-12,8.784120473305235,4.08,1.04,9.27
2023-08-13,0.0822633058769997,2.65,0.331,0.14
2023-08-14,0.0,4.79,0.262,0.0
2023-08-15,0.0,2.75,0.216,0.01
2023-08-16,0.0,3.7,0.218,0.0
2023-08-17,0.0,1.97,0.197,0.0
2023-08-18,0.07382150198073589,2.27,0.198,0.08
2023-08-19,0.0,2.68,0.189,0.1
2023-08-20,0.0,4.19,0.155,0.0
2023-08-21,0.0,4.0,0.134,0.0
2023-08-22,0.00278846706802095,2.93,0.148,0.0
2023-08-23,0.0,4.01,0.137,0.0
2023-08-24,8.885464897334018,0.89,0.355,30.22
2023-08-25,0.6687029839978997,0.91,0.759,3.04
2023-08-26,0.18017511975504955,1.48,0.269,1.35
2023-08-27,1.4446220732267505,2.44,0.257,1.89
2023-08-28,0.0,2.01,0.15,0.0
2023-08-29,0.07382150198073589,1.83,0.172,0.0
2023-08-30,7.673382619368116,2.53,0.372,10.14
2023-08-31,0.16892703690907215,1.47,0.541,0.21
2023-09-01,30.767198450572824,1.02,5.16,32.35
2023-09-02,0.07382150198073589,2.55,0.921,0.0
2023-09-03,0.07753945807143049,2.61,0.441,0.0
2023-09-04,0.00278846706802095,2.69,0.322,0.0
2023-09-05,0.0,3.12,0.277,0.0
2023-09-06,0.00278846706802095,3.3,0.229,0.0
2023-09-07,0.00278846706802095,3.07,0.214,0.0
2023-09-08,0.00278846706802095,2.81,0.193,0.0
2023-09-09,0.00278846706802095,2.93,0.172,0.0
2023-09-10,0.0,3.05,0.181,0.0
2023-09-11,0.0,1.87,0.161,0.0
2023-09-12,1.4569242393090298,1.86,0.286,5.96
2023-09-13,0.0,2.2,0.422,0.05
2023-09-14,0.00278846706802095,1.93,0.183,0.0
2023-09-15,0.0793984361167778,2.44,0.167,0.0
2023-09-16,3.4939079584755777,2.82,0.158,3.63
2023-09-17,5.964404274967554,1.3,0.717,7.78
2023-09-18,2.795769559592234,1.42,0.325,5.7
2023-09-19,0.06466956140988855,1.39,0.239,0.2
2023-09-20,0.0,1.42,0.19,0.0
2023-09-21,24.60076682790976,0.2,2.19,24.72
2023-09-22,3.1284649690175144,0.53,0.817,6.02
2023-09-23,0.00844180389626381,1.01,0.476,0.0
2023-09-24,0.0037179560906946004,1.98,0.313,0.0
2023-09-25,0.0,1.23,0.27,0.0
2023-09-26,0.0,1.28,0.204,0.0
2023-09-27,0.0,1.51,0.233,0.0
2023-09-28,0.0,1.25,0.236,0.0
2023-09-29,2.347863801282547,0.7,0.265,2.53
2023-09-30,0.07382150198073589,1.09,0.234,0.0
2023-10-01,0.0055769341360419,1.56,0.219,0.0
2023-10-02,0.0,1.5,0.206,0.0
2023-10-03,0.09062870708106255,0.98,0.168,0.09
2023-10-04,0.03242008933799155,0.5,0.181,0.11
2023-10-05,0.0,0.95,0.188,0.0
2023-10-06,0.0,0.93,0.186,0.0
2023-10-07,0.0,1.27,0.18,0.06
2023-10-08,0.0,1.09,0.168,0.02
2023-10-09,0.0,0.91,0.171,0.08
2023-10-10,0.07382150198073589,1.2,0.244,0.03
2023-10-11,0.0,1.24,0.169,0.02
2023-10-12,8.846042257617698,0.24,0.505,8.74
2023-10-13,10.67002768675841,0.4,0.655,8.65
2023-10-14,8.569228036073014,0.27,1.61,6.78
2023-10-15,0.34876417772203017,0.6,0.37,1.41
2023-10-16,0.07382150198073589,0.87,0.321,0.02
2023-10-17,0.0,1.18,0.28,0.0
2023-10-18,10.503356197647285,0.83,0.612,9.08
2023-10-19,0.27240122863156885,0.57,1.0,0.0
2023-10-20,17.071602121506743,0.12,2.6,15.87
2023-10-21,7.753986766007274,0.18,1.36,5.17
2023-10-22,1.5779153182040888,0.34,1.76,4.58
2023-10-23,7.712543218420949,0.35,1.36,0.0
2023-10-24,2.1870292886261495,0.4,2.22,2.06
2023-10-25,10.71129555087143,0.17,3.5,13.77
2023-10-26,3.032592062618851,0.03,1.83,4.89
2023-10-27,4.257095765779821,0.32,2.82,7.25
2023-10-28,2.632821814256022,0.73,1.56,2.14
2023-10-29,2.2881003712899477,0.0,1.68,3.5
2023-10-30,9.668283536156396,0.11,2.24,11.21
2023-10-31,1.7414875821052382,0.0,3.06,5.0
2023-11-01,6.333674811628274,0.3,3.77,6.61
2023-11-02,3.8630008231294415,0.71,2.11,4.67
2023-11-03,0.4278977819988199,0.5,1.69,0.91
2023-11-04,6.159432416833051,0.1,2.2,6.76
2023-11-05,3.693221065534025,0.24,1.73,4.64
2023-11-06,3.267276199468538,0.1,2.24,5.15
2023-11-07,0.08218690318479874,0.16,1.39,0.09
2023-11-08,12.895301018816888,0.13,1.73,13.07
2023-11-09,6.212081912321774,0.3,4.68,9.37
2023-11-10,10.127679785665496,0.05,5.38,13.03
2023-11-11,0.0,0.13,4.65,0.38
2023-11-12,1.0452135833073328,0.35,2.08,1.4
2023-11-13,10.411770244975123,0.05,4.32,11.32
2023-11-14,22.73381993754541,0.0,14.5,29.42
2023-11-15,0.0,0.06,7.72,0.01
2023-11-16,2.9079867322913757,0.09,3.05,2.64
2023-11-17,2.1112026033540796,0.18,2.66,3.24
2023-11-18,8.429346177560541,0.18,3.34,6.97
2023-11-19,1.5384300294442153,0.03,3.52,2.7
2023-11-20,11.278847616006793,0.0,7.96,15.2
2023-11-21,0.16402271610889566,0.03,5.65,0.11
2023-11-22,0.0,0.2,2.33,0.0
2023-11-23,0.0,0.22,1.86,0.05
2023-11-24,6.581786176429685,0.03,1.89,6.58
2023-11-25,11.24077608941589,0.1,4.58,10.52
2023-11-26,1.1699310290486138,0.26,4.28,1.96
2023-11-27,15.031298915577434,0.14,8.91,14.9
2023-11-28,0.1560848078577356,0.28,4.84,0.12
2023-11-29,1.3894442419469137,0.25,3.02,1.18
2023-11-30,0.0,0.22,2.08,0.05
2023-12-01,0.0,0.07,1.68,0.0
2023-12-02,0.255078916142861,0.02,1.43,0.13
2023-12-03,2.467098982064028,0.23,1.35,1.85
2023-12-04,3.2771898127837136,0.45,1.56,2.3
2023-12-05,5.912361844013925,0.15,3.28,6.0
2023-12-06,0.6717365714488834,0.02,2.01,0.85
2023-12-07,0.6059458362784365,0.37,1.69,0.89
2023-12-08,2.3841400958040397,0.1,2.05,2.63
2023-12-09,7.966111445791415,0.0,3.39,6.02
2023-12-10,5.447843188413105,0.08,3.31,5.45
2023-12-11,0.2288319715845758,0.41,3.04,0.58
2023-12-12,6.606603349762138,0.0,2.43,8.54
2023-12-13,2.4341380173027827,0.03,3.37,3.1
2023-12-14,0.39910613474071166,0.15,2.12,0.27
2023-12-15,0.0,0.22,1.71,0.03
2023-12-16,0.0,0.32,1.48,0.0
2023-12-17,0.0,0.05,1.43,0.0
2023-12-18,0.0,0.33,1.33,0.0
2023-12-19,9.226911601740971,0.1,1.84,10.16
2023-12-20,0.0,0.04,2.64,0.04
2023-12-21,3.3313218826245565,0.37,2.07,4.13
2023-12-22,4.328312163633113,0.31,2.76,4.03
2023-12-23,0.0,0.53,1.83,0.02
2023-12-24,13.272632790885854,0.11,6.14,12.73
2023-12-25,8.889841355260083,0.0,5.64,6.38
2023-12-26,1.8892248895988237,-0.0,4.55,0.79
2023-12-27,1.3189586825958675,0.52,2.72,0.75
2023-12-28,0.0,0.56,2.06,0.0
2023-12-29,9.554013443246841,0.0,3.52,12.64
2023-12-30,0.0,0.2,2.92,0.06
2023-12-31,9.64724173364579,0.31,2.91,13.6
2024-01-01,15.775253076031401,0.06,13.0,17.96
2024-01-02,25.999565460098616,0.04,21.5,27.47
2024-01-03,13.272957025990546,0.0,20.2,24.76
2024-01-04,2.445307797881226,0.24,7.9,2.69
2024-01-05,8.393370793244769,0.08,6.21,8.67
2024-01-06,4.485838312311805,0.08,7.02,5.79
2024-01-07,0.0,0.2,3.61,0.0
2024-01-08,0.0,0.69,2.35,0.03
2024-01-09,0.0,0.77,1.96,0.0
2024-01-10,0.0,0.29,1.59,0.0
2024-01-11,0.0,0.3,1.38,0.0
2024-01-12,0.0,0.44,1.39,0.0
2024-01-13,0.0,0.32,1.46,0.0
2024-01-14,0.5408440813525628,0.11,1.47,0.31
2024-01-15,0.665023907260688,0.11,1.4,0.93
2024-01-16,0.0,0.07,1.29,0.0
2024-01-17,5.378382777631612,0.12,1.28,3.84
2024-01-18,1.0363395858950837,0.04,1.24,1.08
2024-01-19,0.24191326444102798,0.01,1.11,0.0
2024-01-20,0.0,0.16,1.07,0.0
2024-01-21,1.654090836309679,0.71,1.32,0.3
2024-01-22,9.029221039786345,0.3,3.5,8.58
2024-01-23,3.305105861266574,0.0,2.25,3.35
2024-01-24,2.18641861064911,0.4,2.65,1.37
2024-01-25,1.119852547855156,0.14,1.87,0.69
2024-01-26,1.7342565549385642,0.45,1.97,1.22
2024-01-27,0.02323722556684125,0.24,1.58,0.0
2024-01-28,0.0,0.41,1.47,0.0
2024-01-29,0.00278846706802095,0.36,1.36,0.0
2024-01-30,0.0,0.36,1.26,0.02
2024-01-31,0.0,0.62,1.21,0.0
2024-02-01,4.9480981645245805,0.24,1.67,4.2
2024-02-02,0.018571968571780378,0.38,1.34,0.0
2024-02-03,0.0,0.27,1.25,0.06
2024-02-04,1.0038984290853021,0.11,1.26,0.03
2024-02-05,0.018571968571780378,0.45,1.2,0.01
2024-02-06,1.1240368762522364,0.7,1.11,1.03
2024-02-07,25.41580284731666,0.01,11.1,27.45
2024-02-08,15.234451584224768,0.02,8.24,16.28
2024-02-09,3.186143923080609,0.45,10.5,3.58
2024-02-10,3.7549181546052797,0.26,4.51,3.89
2024-02-11,4.89602480257837,0.33,4.03,4.11
2024-02-12,0.5483432849075426,0.17,3.43,0.52
2024-02-13,0.19222285328642175,0.46,2.2,0.55
2024-02-14,3.852142798855869,0.17,2.35,4.16
2024-02-15,1.4223307035912909,0.66,2.43,1.22
2024-02-16,1.5750256785719103,0.15,2.05,1.25
2024-02-17,0.0,0.82,1.73,0.0
2024-02-18,3.2215718318347117,0.02,1.96,3.12
2024-02-19,1.9365833502632817,0.07,1.98,1.73
2024-02-20,0.0,0.5,1.81,0.04
2024-02-21,8.576005802251913,0.21,2.26,7.71
2024-02-22,4.968726040003243,0.26,4.12,6.32
2024-02-23,4.55452438584043,0.36,3.88,4.42
2024-02-24,1.4458782404900181,0.66,2.97,1.37
2024-02-25,1.4166103651970117,0.63,2.29,1.33
2024-02-26,16.02519086499615,0.01,9.66,17.16
2024-02-27,0.0,0.91,4.29,0.0
2024-02-28,0.00278846706802095,0.5,2.49,0.01
2024-02-29,2.971355101548447,0.17,2.34,1.79
2024-03-01,16.927580058074323,0.32,3.86,12.72
2024-03-02,3.2284926366277196,0.25,9.34,3.68
2024-03-03,3.0976384823243137,0.12,4.88,3.3
2024-03-04,0.0,1.01,2.93,0.0
2024-03-05,0.6927525169663981,0.31,2.37,1.05
2024-03-06,0.0,0.98,2.04,0.0
2024-03-07,0.0,1.21,1.81,0.0
2024-03-08,0.0,1.88,1.66,0.05
2024-03-09,0.1802515224472505,1.54,1.56,0.65
2024-03-10,5.210912003479219,0.57,1.49,5.45
2024-03-11,14.537696567870661,0.16,5.67,15.66
2024-03-12,8.838260499299256,0.26,4.88,8.74
2024-03-13,0.3444678228693638,0.6,5.29,0.64
2024-03-14,0.0,1.41,2.7,0.02
2024-03-15,3.5319669173084365,0.85,2.91,4.96
2024-03-16,1.0806302803181578,0.99,2.53,0.49
2024-03-17,2.8824437788716075,0.44,2.09,2.18
2024-03-18,0.0,1.13,2.07,0.0
2024-03-19,0.0,1.64,1.72,0.0
2024-03-20,0.0055769341360419,1.17,1.55,0.0
2024-03-21,0.08032792513945144,1.06,1.4,0.0
2024-03-22,9.744527769694638,0.4,1.7,12.23
2024-03-23,1.3475225667503576,1.22,3.03,1.8
2024-03-24,0.025096203612188554,1.65,1.96,0.5
2024-03-25,0.00278846706802095,1.79,1.61,0.0
2024-03-26,0.948447355209949,1.31,1.48,0.7
2024-03-27,1.2286514985899686,1.39,1.56,1.26
2024-03-28,3.0003689021423945,2.02,1.53,2.94
2024-03-29,0.49547443707073074,1.98,1.26,1.07
2024-03-30,6.965129877138428,0.4,2.1,7.43
2024-03-31,1.7816811079643622,1.27,1.73,2.44
2024-04-01,0.0,1.49,1.53,0.0
2024-04-02,2.9650839430441813,0.59,1.36,3.07
2024-04-03,5.426009780328503,0.98,2.14,4.41
2024-04-04,8.630618346088388,1.67,3.65,8.9
2024-04-05,0.31027311433140575,1.35,2.12,0.85
2024-04-06,0.0,2.72,1.67,0.0
2024-04-07,1.5388955892964042,2.78,1.43,2.62
2024-04-08,5.850596575278308,1.66,1.39,4.26
2024-04-09,0.8977261857180122,1.5,1.92,1.57
2024-04-10,0.00278846706802095,2.38,1.23,0.0
2024-04-11,0.3952615959028358,0.81,1.15,0.6
2024-04-12,0.0,2.22,1.09,0.0
2024-04-13,0.0,2.74,1.04,0.0
2024-04-14,0.0,1.69,0.95,0.09
2024-04-15,9.348481988602698,0.65,1.63,9.74
2024-04-16,4.756653350891194,1.06,1.83,6.23
2024-04-17,4.703224281818232,0.82,2.17,7.48
2024-04-18,0.15598073755532926,2.24,1.74,0.19
2024-04-19,5.341827006020314,1.0,1.74,5.59
2024-04-20,3.190961985460072,1.24,1.61,2.76
2024-04-21,1.7599265457078623,2.72,1.71,1.14
2024-04-22,0.39381184432635047,2.04,1.52,1.04
2024-04-23,0.7968215633177944,2.62,1.28,0.86
2024-04-24,3.823469234631194,1.36,1.6,4.12
2024-04-25,0.10479039476925742,1.15,1.46,0.58
2024-04-26,3.6472741018190775,0.93,1.57,4.57
2024-04-27,5.681314105397301,1.52,1.75,6.47
2024-04-28,0.0037179560906946004,1.49,1.7,0.19
2024-04-29,0.0055769341360419,3.09,1.21,0.0
2024-04-30,0.01208335729475745,1.99,1.12,1.34
2024-05-01,4.426117106221007,3.5,1.41,4.97
2024-05-02,0.6940977436381288,0.97,1.13,1.61
2024-05-03,4.344721442966074,1.65,1.63,6.85
2024-05-04,1.4776711959840423,1.86,1.21,3.03
2024-05-05,0.00278846706802095,2.73,1.27,0.01
2024-05-06,4.1130510931521265,1.08,1.34,4.16
2024-05-07,0.26144564523578495,2.82,1.12,0.35
2024-05-08,0.0,0.93,0.989,0.0
2024-05-09,0.0,3.38,0.944,0.0
2024-05-10,0.0,3.5,0.866,0.0
2024-05-11,0.0,5.21,0.817,0.0
2024-05-12,0.0,4.5,0.783,0.24
2024-05-13,0.0,3.14,0.7,0.04
2024-05-14,0.3461510284831861,2.1,0.742,0.58
2024-05-15,4.474305686168815,1.75,1.06,5.73
2024-05-16,9.700781571929044,1.15,1.8,15.49
2024-05-17,6.933263408898172,2.94,1.12,7.59
2024-05-18,3.7086350225653533,2.29,2.42,2.18
2024-05-19,0.0,3.69,1.15,0.02
2024-05-20,0.10927707834504388,3.26,0.961,0.28
2024-05-21,3.3304228621998377,0.52,1.07,3.88
2024-05-22,0.03439109383892505,2.37,1.02,0.18
2024-05-23,11.212787801016654,2.03,0.858,6.27
2024-05-24,1.1151333038621691,1.55,1.56,6.33
2024-05-25,1.1343001348551291,2.93,0.985,2.22
2024-05-26,6.260487848291839,2.01,1.53,18.16
2024-05-27,0.27807707790458663,1.68,1.07,1.02
2024-05-28,3.390445433098706,1.45,0.94,3.45
2024-05-29,5.926838543597087,2.49,1.47,3.42
2024-05-30,0.15505124853265562,2.42,0.908,0.41
2024-05-31,5.272999785660635,0.88,1.23,5.98
2024-06-01,5.425218629356856,0.35,1.73,3.1
2024-06-02,0.0,2.72,1.12,0.0
2024-06-03,0.07382150198073589,2.14,0.887,0.0
2024-06-04,0.0,2.6,0.834,0.06
2024-06-05,0.1680917624602921,3.18,0.721,0.25
2024-06-06,0.0,2.43,0.642,0.0
2024-06-07,0.0,3.28,0.592,0.0
2024-06-08,0.0,2.44,0.577,0.01
2024-06-09,0.0,4.59,0.552,0.0
2024-06-10,7.03179946667422,1.28,1.09,11.01
2024-06-11,7.279437315470261,2.24,0.988,8.93
2024-06-12,0.015195247013274854,1.96,0.708,0.26
2024-06-13,0.021948690130285903,3.47,0.609,0.05
2024-06-14,6.807339886990383,1.06,0.743,11.7
2024-06-15,6.206250545634824,2.13,1.25,6.82
2024-06-16,1.023255037448534,2.75,0.764,1.52
2024-06-17,2.0493590323509303,3.32,0.675,1.43
2024-06-18,29.061857492756992,0.41,5.63,26.04
2024-06-19,0.16344431734692383,3.47,3.74,0.06
2024-06-20,0.0,2.4,1.32,0.03
2024-06-21,11.080172496683742,0.86,2.71,12.49
2024-06-22,0.0,2.82,1.76,0.49
2024-06-23,0.0,4.35,1.07,0.03
2024-06-24,0.0,4.86,0.844,0.11
2024-06-25,0.0,5.73,0.717,0.0
2024-06-26,0.0,5.29,0.633,0.01
2024-06-27,0.0,4.37,0.558,0.0
2024-06-28,0.0,4.42,0.454,0.0
2024-06-29,2.2604148868984546,3.82,0.523,4.09
2024-06-30,3.686264896060012,2.22,0.558,3.13
2024-07-01,0.0,1.94,0.617,0.02
2024-07-02,2.7859990738493874,2.15,0.594,2.95
2024-07-03,3.9412795304586457,1.4,0.639,4.65
2024-07-04,0.023637050909538666,3.99,0.543,0.04
2024-07-05,0.9985309915688375,1.04,0.482,0.94
2024-07-06,0.0793984361167778,3.62,0.475,0.02
2024-07-07,0.01587771607765301,1.86,0.413,0.23
2024-07-08,0.01123027096428476,2.21,0.4,0.11
2024-07-09,20.361733710997555,2.23,1.88,49.15
2024-07-10,0.21323219866552123,3.36,1.65,0.6
2024-07-11,0.0,3.65,0.594,0.01
2024-07-12,24.294772784525335,1.03,3.73,27.37
2024-07-13,0.01773669412300031,3.08,1.34,0.01
2024-07-14,0.0167308024081257,3.14,0.759,0.0
2024-07-15,0.9163506885224539,2.78,0.622,0.87
2024-07-16,7.3678998088287795,1.95,1.11,7.25
2024-07-17,0.07382150198073589,2.51,0.636,0.0
2024-07-18,0.0,4.85,0.519,0.01
2024-07-19,0.0,4.36,0.46,0.0
2024-07-20,0.0,4.48,0.426,0.0
2024-07-21,0.0,2.3,0.394,0.0
2024-07-22,0.00278846706802095,2.95,0.367,0.07
2024-07-23,3.415242082519938,1.31,0.476,3.17
2024-07-24,0.0,3.88,0.406,0.0
2024-07-25,1.6171451840424182,1.97,0.359,2.02
2024-07-26,0.7011863647094819,2.96,0.403,0.28
2024-07-27,0.00278846706802095,2.49,0.347,0.0
2024-07-28,0.0,3.61,0.317,0.0
2024-07-29,0.0,4.94,0.298,0.0
2024-07-30,0.0,5.19,0.287,0.0
2024-07-31,3.2373608463557497,3.17,0.387,6.33
2024-08-01,11.723824578644912,2.38,0.763,13.97
2024-08-02,1.79366129636913,2.77,0.398,3.09
2024-08-03,7.4284610809086296,1.94,0.409,9.05
2024-08-04,2.379458471900271,2.13,1.39,1.49
2024-08-05,0.0,4.34,0.4,0.0
2024-08-06,0.0,3.93,0.337,0.0
2024-08-07,0.6027260771068469,3.18,0.335,1.2
2024-08-08,0.0,3.07,0.282,0.09
2024-08-09,0.5611677020771866,2.76,0.283,0.49
2024-08-10,0.00278846706802095,4.17,0.267,0.0
2024-08-11,0.0,5.06,0.247,0.0
2024-08-12,0.0,4.53,0.237,0.34
2024-08-13,0.07660996904875685,2.27,0.238,0.13
2024-08-14,0.00278846706802095,2.57,0.238,0.1
2024-08-15,0.006506423158715551,3.26,0.226,0.0
2024-08-16,7.124542216870324,0.77,0.336,6.35
2024-08-17,0.8481984356763206,3.37,0.467,0.61
2024-08-18,0.007435912181389201,2.64,0.272,0.0
2024-08-19,0.00278846706802095,2.98,0.267,0.0
2024-08-20,20.151353824145463,1.01,1.12,18.14
2024-08-21,0.00278846706802095,2.82,0.85,0.0
2024-08-22,0.0,3.63,0.301,0.02
2024-08-23,1.1523977749673442,1.66,0.273,1.57
2024-08-24,1.5509137556422383,1.43,0.273,4.32
2024-08-25,0.01208335729475745,1.8,0.31,0.0
2024-08-26,0.0037179560906946004,2.79,0.255,0.0
2024-08-27,0.006506423158715551,3.41,0.233,0.0
2024-08-28,0.009294890226736501,3.5,0.229,0.0
2024-08-29,0.010224379249410151,2.48,0.212,0.13
2024-08-30,0.4288240154313959,2.35,0.219,1.5
2024-08-31,0.0,3.11,0.206,0.0
2024-09-01,0.0,3.42,0.198,0.0
2024-09-02,0.0,3.01,0.18,0.0
2024-09-03,4.072755112087741,0.51,0.346,3.08
2024-09-04,0.0,1.16,0.291,0.02
2024-09-05,0.1143599725644948,0.85,0.238,0.8
2024-09-06,6.6116732216212,0.38,0.503,6.48
2024-09-07,6.494376596001425,1.85,0.337,11.08
2024-09-08,3.1456409873020155,2.19,0.769,2.89
2024-09-09,9.148196543893269,1.29,0.932,8.24
2024-09-10,10.369980218732959,0.53,0.542,9.35
2024-09-11,11.394383018223401,1.84,2.16,13.97
2024-09-12,2.7659482411179312,1.52,1.15,3.79
2024-09-13,0.8199289505473568,1.08,0.535,1.96
2024-09-14,0.00278846706802095,1.63,0.45,0.0
2024-09-15,0.00278846706802095,1.58,0.373,0.0
2024-09-16,0.02904336777948602,1.15,0.345,0.05
2024-09-17,0.0,2.0,0.339,0.0
2024-09-18,0.0,1.67,0.289,0.0
2024-09-19,0.07382150198073589,2.36,0.295,0.0
2024-09-20,0.0,1.93,0.271,0.0
2024-09-21,0.00278846706802095,1.76,0.285,0.0
2024-09-22,0.00836540120406285,1.32,0.272,0.44
2024-09-23,3.3569434961637072,1.05,0.465,3.98
2024-09-24,0.30183131043514194,0.78,0.362,0.38
2024-09-25,13.432955354993467,1.41,0.709,13.76
2024-09-26,6.811415086670126,1.15,1.32,5.66
2024-09-27,5.717334067792554,0.34,0.94,7.78
2024-09-28,0.7588765305158542,1.17,0.817,1.1
2024-09-29,0.006506423158715551,0.95,0.467,0.03
2024-09-30,5.63618732407125,0.41,0.601,3.56
2024-10-01,0.9140365499139984,0.72,0.619,0.53
2024-10-02,0.07382150198073589,0.99,0.459,0.02
2024-10-03,0.00278846706802095,1.25,0.404,0.0
2024-10-04,0.00278846706802095,0.98,0.373,0.0
2024-10-05,0.08032792513945144,0.8,0.36,0.0
2024-10-06,0.5789142519286996,1.27,0.391,0.29
2024-10-07,0.5508767758640882,0.97,0.398,0.46
2024-10-08,3.2593453381658617,0.57,0.57,2.01
2024-10-09,13.662979933574093,0.21,0.822,16.2
2024-10-10,1.2351630769141146,0.42,1.58,1.69
2024-10-11,1.29292123465716,0.58,0.687,1.19
2024-10-12,0.5019808602294463,0.52,0.561,0.63
2024-10-13,0.0,0.42,0.508,0.0
2024-10-14,5.029603954659766,0.3,0.685,5.09
2024-10-15,0.11352469811571472,0.59,0.638,0.0
2024-10-16,0.0,0.75,0.529,0.01
2024-10-17,3.788923979393102,0.52,0.481,2.51
2024-10-18,0.6006646571826856,0.53,0.621,1.06
2024-10-19,1.110074829455106,0.6,0.504,1.8
2024-10-20,0.8418565732058527,0.64,0.544,0.19
2024-10-21,17.0137035482209,0.27,1.43,17.91
2024-10-22,0.5657973353088621,0.22,2.12,0.91
2024-10-23,0.0,0.43,0.94,0.0
2024-10-24,0.1513609600521664,0.5,0.769,0.0
2024-10-25,0.0,0.58,0.685,0.0
2024-10-26,0.0,0.65,0.612,0.0
2024-10-27,0.698397808683241,0.5,0.572,0.09
2024-10-28,0.009294890226736501,0.45,0.536,0.03
2024-10-29,1.3813924076648345,0.31,0.572,1.15
2024-10-30,0.0,0.09,0.549,0.0
2024-10-31,0.0,0.46,0.516,0.0
2024-11-01,0.12735500700023328,0.31,0.504,0.0
2024-11-02,0.0934171741490835,0.27,0.493,0.0
2024-11-03,0.0,0.34,0.499,0.0
2024-11-04,0.0,0.55,0.497,0.0
2024-11-05,0.11603052146205493,0.23,0.565,0.0
2024-11-06,0.16578747958034937,0.02,0.486,0.0
2024-11-07,0.0,0.37,0.471,0.0
2024-11-08,0.0,0.28,0.471,0.0
2024-11-09,0.6113066736564858,0.26,0.476,0.0
2024-11-10,0.07382150198073589,0.04,0.476,0.0
2024-11-11,7.503891016492692,0.26,0.583,9.54
2024-11-12,3.402750943729303,0.28,1.31,6.91
2024-11-13,0.0,0.28,0.683,0.0
2024-11-14,0.5842929011884416,0.32,0.616,0.09
2024-11-15,0.0,0.29,0.58,0.0
2024-11-16,0.00278846706802095,0.46,0.565,0.03
2024-11-17,2.9749365302052277,0.27,0.622,2.91
2024-11-18,2.248704230896757,0.32,0.615,2.17
2024-11-19,23.588236898723864,0.08,4.93,27.37
2024-11-20,3.642313544386074,0.18,3.06,4.12
2024-11-21,0.0,0.0,2.29,0.0
2024-11-22,0.021360435639801327,0.25,1.25,0.11
2024-11-23,2.3276573621789396,0.62,1.04,1.78
2024-11-24,1.0931621980376083,1.79,1.17,1.12
2024-11-25,11.336711832585797,0.18,2.36,11.85
2024-11-26,6.13818092997518,0.03,2.18,4.44
2024-11-27,5.1977298959104585,0.17,2.75,5.1
2024-11-28,0.0055769341360419,0.04,1.93,0.02
2024-11-29,0.020448758498820302,0.1,1.36,0.0
2024-11-30,0.0,0.41,1.14,0.0
2024-12-01,0.0,0.36,1.08,0.03
2024-12-02,1.4002015404663977,0.15,0.998,1.82
2024-12-03,3.348393919564871,0.08,1.37,3.26
2024-12-04,0.09155819610373621,0.24,0.992,0.01
2024-12-05,11.094357339146747,0.08,1.55,12.7
2024-12-06,2.732558427389019,0.49,4.46,3.07
2024-12-07,10.828415243564882,0.02,3.05,12.01
2024-12-08,6.153104201449482,0.0,5.96,6.84
2024-12-09,1.3572482055200945,0.25,2.6,1.0
2024-12-10,0.0,0.32,1.83,0.0
2024-12-11,0.0,0.38,1.48,0.0
2024-12-12,0.0,0.29,1.3,0.0
2024-12-13,0.0,0.22,1.16,0.0
2024-12-14,1.364477876672004,0.03,1.13,1.31
2024-12-15,0.0,0.25,1.09,0.0
2024-12-16,1.0534411900209366,0.23,1.05,0.14
2024-12-17,0.0,0.22,1.03,0.0
2024-12-18,0.676982126781249,0.34,1.01,0.68
2024-12-19,5.002815776826379,0.0,1.48,5.38
2024-12-20,0.2831163922074724,0.15,1.11,0.42
2024-12-21,2.3758918762209937,0.03,1.14,1.7
2024-12-22,6.113591699681752,0.09,1.48,6.6
2024-12-23,1.55102958124849,0.4,2.48,3.9
2024-12-24,1.1838851196925644,0.23,1.61,0.22
2024-12-25,0.7028470578785293,0.16,1.47,0.0
2024-12-26,0.14764300396147179,0.0,1.28,0.0
2024-12-27,0.0,0.15,1.21,0.0
2024-12-28,0.01394233534010475,0.14,1.12,0.0
2024-12-29,0.07753945807143049,0.22,1.04,0.0
2024-12-30,0.36352072003912483,0.22,1.01,0.0
2024-12-31,0.0,0.3,0.982,0.0
2025-01-01,11.017637778986025,0.38,1.14,11.86
2025-01-02,7.017400703714462,0.0,5.11,5.92
2025-01-03,0.08032792513945144,0.09,2.11,0.02
2025-01-04,0.0037179560906946004,0.13,1.64,0.05
2025-01-05,20.346923100516598,0.02,7.43,23.25
2025-01-06,4.549142935592937,0.08,5.94,4.04
2025-01-07,5.884514242070086,0.0,4.31,4.06
2025-01-08,8.287672423734698,0.09,3.3,8.62
2025-01-09,7.286534883065431,0.0,6.21,5.83
2025-01-10,0.009294890226736501,0.0,3.44,0.0
2025-01-11,0.24854482537394007,0.15,2.15,0.02
2025-01-12,0.22069577845711583,0.3,1.8,0.12
2025-01-13,0.017660291430799353,0.0,1.75,0.0
2025-01-14,0.17788069260361958,0.31,1.54,0.0
2025-01-15,0.9014769645843427,0.41,1.74,0.01
2025-01-16,0.00278846706802095,0.22,1.6,0.0
2025-01-17,0.0,0.2,1.43,0.0
2025-01-18,0.0,0.15,1.35,0.0
2025-01-19,0.0,0.2,1.28,0.0
2025-01-20,0.08032792513945144,0.21,1.19,0.51
2025-01-21,0.0,0.15,1.13,0.0
2025-01-22,11.407473435520107,0.22,1.55,11.22
2025-01-23,1.1172801775451275,0.26,3.58,0.81
2025-01-24,9.430964459100101,0.0,3.51,8.9
2025-01-25,14.099742639388563,0.14,11.2,15.96
2025-01-26,3.3985864046012426,0.13,4.97,4.45
2025-01-27,3.6632389677758077,0.43,4.87,4.58
2025-01-28,3.543637248983666,0.32,2.65,6.73
2025-01-29,3.8869304624473937,0.23,3.19,3.22
2025-01-30,12.835456932379074,0.0,8.16,12.07
2025-01-31,0.0037179560906946004,0.29,4.01,0.11
2025-02-01,0.0111538682720838,0.1,2.39,0.0
2025-02-02,0.01208335729475745,0.16,1.97,0.0
2025-02-03,0.02137824752149395,0.21,1.68,0.0
2025-02-04,0.011818525454769333,0.31,1.56,0.0
2025-02-05,0.1793984361167778,0.28,1.41,0.01
2025-02-06,0.0,0.58,1.33,0.0
2025-02-07,0.0,0.64,1.33,0.0
2025-02-08,0.2114951028042729,0.44,1.23,0.52
2025-02-09,11.453921209414222,0.27,2.64,9.85
2025-02-10,4.349754603940614,0.11,2.13,5.91
2025-02-11,8.52809308797093,0.15,7.6,10.02
2025-02-12,0.00278846706802095,0.17,3.19,0.0
2025-02-13,0.3621557819103685,0.19,2.21,0.21
2025-02-14,0.0,0.21,1.81,0.0
2025-02-15,0.007435912181389201,0.62,1.6,0.1
2025-02-16,0.0,0.58,1.48,0.02
2025-02-17,0.0,0.0,1.3,0.0
2025-02-18,0.0,0.82,1.23,0.0
2025-02-19,0.0,0.82,1.16,0.0
2025-02-20,0.11037718463381208,0.44,1.12,0.07
2025-02-21,0.6098264534820457,1.1,1.12,0.26
2025-02-22,2.4084628713680543,0.0,1.17,3.4
2025-02-23,0.0793984361167778,0.87,1.11,0.0
2025-02-24,0.6512667454782728,0.51,1.07,1.55
2025-02-25,1.2570419644906148,0.32,1.1,0.77
2025-02-26,2.8873381549850508,0.45,1.12,3.55
2025-02-27,2.679592020429996,0.27,1.44,4.11
2025-02-28,1.6423177903468078,0.43,1.66,1.28
2025-03-01,0.07382150198073589,0.67,1.28,0.0
2025-03-02,0.00278846706802095,0.81,1.15,0.0
2025-03-03,0.014871824362778402,0.86,1.08,0.0
2025-03-04,0.015801313385452053,0.93,1.02,0.0
2025-03-05,0.013012846317431102,1.13,0.975,0.0
2025-03-06,0.00278846706802095,1.57,0.946,0.0
2025-03-07,0.0,1.58,0.895,0.0
2025-03-08,0.0,1.7,0.866,0.0
2025-03-09,0.0,1.4,0.853,0.0
2025-03-10,0.0,0.99,0.84,0.07
2025-03-11,0.0,0.67,0.819,0.23
2025-03-12,0.01394233534010475,0.55,0.771,0.21
2025-03-13,0.3972879356241801,0.79,0.788,0.87
2025-03-14,0.0037179560906946004,1.07,0.745,0.1
2025-03-15,0.0,1.56,0.709,0.0
2025-03-16,0.0,1.64,0.696,0.0
2025-03-17,0.0,1.13,0.71,0.0
2025-03-18,0.0,2.42,0.668,0.0
2025-03-19,0.0,2.01,0.657,0.0
2025-03-20,0.0055769341360419,1.73,0.624,0.0
2025-03-21,0.0,1.71,0.662,0.0
2025-03-22,0.15622775751362478,1.23,0.671,0.49
2025-03-23,0.0,1.41,0.664,0.0
2025-03-24,0.0,0.99,0.612,0.0
2025-03-25,0.6692504595595687,1.35,0.61,0.75
2025-03-26,0.08876972903571526,0.96,0.626,0.0
2025-03-27,0.009294890226736501,1.66,0.618,0.02
2025-03-28,1.0194705343941513,0.67,0.628,1.08
2025-03-29,0.0,1.71,0.638,0.0
2025-03-30,0.07660996904875685,2.03,0.61,0.02
2025-03-31,0.0,2.03,0.579,0.0
2025-04-01,0.0,3.67,0.582,0.0
2025-04-02,0.0,4.66,0.568,0.0
2025-04-03,0.0,3.34,0.538,0.0
2025-04-04,0.0,3.99,0.547,0.0
2025-04-05,0.0,3.13,0.55,0.0
2025-04-06,0.0,4.25,0.525,0.0
2025-04-07,0.0,3.13,0.507,0.0
2025-04-08,0.0,2.92,0.527,0.0
2025-04-09,0.0,1.5,0.501,0.0
2025-04-10,0.0,1.4,0.5,0.0
2025-04-11,0.0,1.64,0.506,0.01
2025-04-12,0.07382150198073589,4.21,0.533,0.08
2025-04-13,3.8070684550119798,1.02,0.64,3.24
2025-04-14,0.9458407171513001,1.77,0.553,1.63
2025-04-15,0.778987310072583,1.44,0.546,1.17
2025-04-16,0.0,1.07,0.523,0.0
2025-04-17,0.0,1.7,0.511,0.0
2025-04-18,0.0,2.78,0.506,0.0
2025-04-19,0.0,3.75,0.496,0.0
2025-04-20,3.035326639439446,0.65,0.542,3.29
2025-04-21,0.0037179560906946004,0.87,0.54,0.29
2025-04-22,0.0,0.99,0.493,0.0
2025-04-23,1.0332244405864688,0.57,0.508,1.97
2025-04-24,0.2476430039614718,0.31,0.49,0.16
2025-04-25,0.0,1.51,0.489,0.0
2025-04-26,0.0,2.62,0.431,0.0
2025-04-27,0.0037179560906946004,1.95,0.432,0.0
2025-04-28,0.00278846706802095,2.1,0.389,0.0
2025-04-29,0.0,3.58,0.375,0.0
2025-04-30,0.0,2.67,0.358,0.0
2025-05-01,0.0,3.15,0.344,0.02
2025-05-02,0.0,2.08,0.365,0.0
2025-05-03,0.11714843963251574,0.68,0.284,0.7
2025-05-04,0.0,0.98,0.322,0.02
2025-05-05,0.0,1.92,0.321,0.0
2025-05-06,0.0,2.92,0.312,0.0
2025-05-07,0.0,1.29,0.304,0.01
2025-05-08,0.0,2.16,0.306,0.0
2025-05-09,0.0,5.78,0.28,0.0
2025-05-10,0.0,5.19,0.248,0.0
2025-05-11,0.0,4.4,0.266,0.0
2025-05-12,6.614935935982845,3.43,0.406,13.28
2025-05-13,0.0,2.47,0.828,0.0
2025-05-14,0.0,4.47,0.275,0.0
2025-05-15,0.0,1.73,0.251,0.0
2025-05-16,0.0,3.86,0.25,0.0
2025-05-17,0.0,3.26,0.243,0.0
2025-05-18,0.0,0.88,0.244,0.0
2025-05-19,0.0,4.27,0.244,0.0
2025-05-20,0.0,3.92,0.224,0.0
2025-05-21,0.0,2.72,0.228,0.02
2025-05-22,0.0037179560906946004,1.22,0.244,0.47
2025-05-23,0.0,2.91,0.241,0.25
2025-05-24,3.3678269306203044,0.58,0.298,3.35
2025-05-25,1.7161069241542557,2.08,0.338,2.01
2025-05-26,0.0,1.8,0.261,0.06
2025-05-27,18.799959683465815,0.58,0.582,16.83
2025-05-28,0.7647914435939875,2.04,0.796,0.69
2025-05-29,0.25466127891847096,0.94,0.297,0.22
2025-05-30,0.0,3.53,0.275,0.0
2025-05-31,0.0,3.39,0.242,0.16
2025-06-01,0.0,2.15,0.226,0.0
2025-06-02,0.6167261018450435,2.33,0.217,0.71
2025-06-03,0.0,2.95,0.211,0.24
2025-06-04,0.9996943892311964,1.72,0.23,1.02
2025-06-05,7.2633416920175025,1.57,0.208,7.49
2025-06-06,1.5255010951620966,2.43,0.53,1.98
2025-06-07,10.567032524058561,1.6,0.5,12.11
2025-06-08,0.0,2.9,0.592,0.0
2025-06-09,0.0,2.63,0.242,0.0
2025-06-10,0.028702133247296948,1.67,0.232,0.22
2025-06-11,0.0,5.81,0.224,0.0
2025-06-12,0.0,5.44,0.203,0.0
2025-06-13,0.0,4.75,0.628,1.17
2025-06-14,2.2382730670572992,2.49,0.331,1.77
2025-06-15,0.0,3.68,0.196,0.01
2025-06-16,0.00278846706802095,4.36,0.182,0.0
2025-06-17,0.0,3.73,0.171,0.0
2025-06-18,0.0,4.57,0.163,0.0
2025-06-19,0.0,0.0,0.154,0.0
2025-06-20,0.0,3.3213794563279864,0.135,0.0
2025-06-21,0.0,3.317689616755793,0.125,0.08
2025-06-22,0.0,3.317047905525847,0.121,0.33
2025-06-23,0.013012846317431102,3.264267156862745,0.117,0.08
2025-06-24,0.00844180389626381,3.3353767825311937,0.118,0.06
2025-06-25,6.648687409385701,1.81,0.123,3.35
2025-06-26,8.040963073590692,1.65,0.572,8.43
2025-06-27,1.7572969406020902,2.61,0.192,1.76
2025-06-28,0.0,2.39,0.144,0.0
2025-06-29,0.0,3.61,0.12,0.0
2025-06-30,0.0,4.96,0.106,0.0
2025-07-01,0.0,5.21,0.099,0.02
2025-07-02,0.14396392722426002,2.9,0.091,0.93
2025-07-03,0.0,4.29,0.095,0.0
2025-07-04,0.0,4.04,0.101,0.0
2025-07-05,0.0,2.31,0.085,0.04
2025-07-06,43.02828491743717,0.74,0.897,39.26
2025-07-07,7.591106380088947,2.6,2.12,11.6
2025-07-08,5.485388306914128,3.13,0.495,7.77
2025-07-09,0.0055769341360419,4.44,0.201,0.0
2025-07-10,0.0,4.07,0.146,0.0
2025-07-11,0.0,4.7,0.137,0.02
2025-07-12,0.0,4.42,0.127,0.0
2025-07-13,0.0,4.1,0.118,0.0
2025-07-14,0.010224379249410151,3.35,0.105,0.19
2025-07-15,0.0,3.61,0.098,0.08
2025-07-16,0.2475975244695738,3.22,0.1,0.1
2025-07-17,0.07382150198073589,3.48,0.093,0.0
2025-07-18,0.0,4.61,0.089,0.0
2025-07-19,0.0,3.78,0.083,0.19
2025-07-20,10.004358193460993,0.42,0.2,12.41
2025-07-21,3.415622643215678,3.209495320855615,0.494,11.82
2025-07-22,0.03725596359914696,3.1386697860962567,0.333,0.17
2025-07-23,1.1388228967966492,3.0809692513368985,0.395,0.23
2025-07-24,0.0822633058769997,2.63,0.233,0.0
2025-07-25,0.09623656441740741,2.53,0.122,0.01
2025-07-26,0.0,3.66,0.1,0.12
2025-07-27,1.681517911083159,2.02,0.112,3.73
2025-07-28,0.0,3.74,0.123,0.49
2025-07-29,0.5915253733281004,2.38,0.097,2.87
2025-07-30,0.0,3.14,0.125,0.01
2025-07-31,9.025861220904837,1.02,0.273,14.06
2025-08-01,3.344513213403042,3.27,0.541,6.12
2025-08-02,17.203504929214084,1.92,1.22,20.27
2025-08-03,0.8143210932110121,3.35,0.23,0.53
2025-08-04,0.7525065458328327,2.39,0.117,0.78
2025-08-05,0.3129462993537429,3.15,0.104,0.01
2025-08-06,0.0,3.41,0.073,0.0
2025-08-07,0.0,3.22,0.072,0.02
2025-08-08,0.0,1.93,0.065,0.01
2025-08-09,0.0,4.11,0.067,0.0
2025-08-10,0.07382150198073589,3.92,0.063,0.0
2025-08-11,0.0,5.19,0.055,0.0
2025-08-12,0.0,4.75,0.047,0.01
2025-08-13,0.07382150198073589,2.96,0.049,0.17
2025-08-14,0.0,3.43,0.046,0.03
2025-08-15,0.0,3.59,0.044,0.0
2025-08-16,0.0,1.05,0.046,0.0
2025-08-17,0.0,3.8,0.052,0.0
2025-08-18,0.0,2.76,0.048,0.0
2025-08-19,0.0,3.81,0.043,0.0
2025-08-20,0.0,2.49,0.039,0.0
2025-08-21,0.0,2.92,0.036,0.0
2025-08-22,0.00844180389626381,1.99,0.054,0.0
2025-08-23,0.00844180389626381,2.44,0.036,0.02
2025-08-24,0.01688360779252762,3.54,0.039,0.0
2025-08-25,0.01688360779252762,2.95,0.039,0.0
2025-08-26,0.00844180389626381,2.4,0.041,0.0
2025-08-27,0.0,1.96,0.041,0.0
2025-08-28,0.05233918415683561,2.01,0.039,0.14
2025-08-29,5.718311212568366,0.95,0.093,4.05
2025-08-30,0.07091115272861599,2.12,0.108,0.22
2025-08-31,2.3921741182044265,1.11,0.098,1.38
2025-09-01,0.9155917278076547,2.37,0.085,1.0
2025-09-02,0.0,2.0,0.056,0.35
2025-09-03,9.477878704070067,1.42,0.198,17.46
2025-09-04,0.8941015427887947,1.45,0.322,1.67
2025-09-05,0.0,1.8,0.051,0.0
2025-09-06,0.0,2.18,0.048,0.0
2025-09-07,0.10173709586124836,3.02,0.035,0.13
2025-09-08,0.0,1.62,0.03,0.02
2025-09-09,0.0,2.21,0.036,0.0
2025-09-10,1.4034043891687111,1.61,0.12,1.1
2025-09-11,4.83613433523624,1.04,0.151,4.68
2025-09-12,2.674549450537012,1.58,0.147,3.88
2025-09-13,9.125652722448175,1.02,0.348,11.78
2025-09-14,2.841382155788067,1.47,0.277,2.18
2025-09-15,7.680566526549939,1.23,0.782,10.51
2025-09-16,0.01951926947614665,1.47,0.324,0.1
2025-09-17,0.09121696157154713,1.1,0.078,0.1
2025-09-18,0.0,0.79,0.03,0.0
2025-09-19,0.3017924310816591,0.0,0.046,0.0
2025-09-20,5.848567792421063,1.357248440285205,0.071,5.8
2025-09-21,0.6982333369532134,1.298114081996435,0.289,0.57
2025-09-22,0.15043147102949272,1.47,0.076,0.03
2025-09-23,0.0,1.82,0.097,0.0
2025-09-24,0.0,1.84,0.085,0.0
2025-09-25,0.0,1.41,0.054,0.0
2025-09-26,0.07382150198073589,0.94,0.038,0.0
2025-09-27,0.14764300396147179,1.29,0.075,0.0
2025-09-28,0.0793984361167778,1.35,0.057,0.0
2025-09-29,0.14764300396147179,0.99,0.159,0.0
2025-09-30,0.0,1.21,0.043,0.0
2025-10-01,0.07382150198073589,1.28,0.062,0.0
2025-10-02,0.0,1.35,0.053,0.04
2025-10-03,4.914581224487918,0.8,0.103,5.12
2025-10-04,10.739113862315639,1.09,1.14,17.53
2025-10-05,0.5508345519622877,0.76,0.175,1.64
2025-10-06,0.0,0.79,0.07,0.0
2025-10-07,0.0,0.46,0.092,0.0
2025-10-08,0.24933136474072454,0.63,0.099,0.08
2025-10-09,0.00844180389626381,0.63,0.09,0.02
2025-10-10,0.0,0.6,0.088,0.0
2025-10-11,0.0,0.63,0.09,0.0
2025-10-12,0.0,0.96,0.098,0.0
2025-10-13,0.9286145188118187,0.59,0.101,0.03
2025-10-14,0.0,0.6,0.107,0.0
2025-10-15,0.23819530835033337,0.5,0.107,0.01
2025-10-16,0.0,0.55,0.107,0.0
2025-10-17,0.0,0.6,0.116,0.0
2025-10-18,0.0,0.87,0.112,0.0
2025-10-19,1.5187037064843922,0.68,0.128,1.58
2025-10-20,6.434936400931634,0.31,0.29,3.61
2025-10-21,12.933540800703922,0.47,1.22,10.51
2025-10-22,6.102785211477924,0.54,0.184,4.28
2025-10-23,16.285427551911738,0.11,1.63,17.94
2025-10-24,2.189260513362209,0.11,0.737,3.49
2025-10-25,12.999634897008272,0.26,0.906,14.01
2025-10-26,2.7994572250014134,0.49,0.691,2.54
2025-10-27,6.68983366800053,0.15,0.959,9.3
2025-10-28,0.8867809126530892,0.33,0.45,0.39
2025-10-29,4.707432567633072,0.27,0.306,6.17
2025-10-30,0.6673427464322257,0.22,0.576,0.34
2025-10-31,0.025249008996590466,0.54,0.254,0.11
2025-11-01,4.099281907172237,0.07,0.387,4.47
2025-11-02,0.0,0.1,0.275,0.08
2025-11-03,0.0,0.46,0.222,0.0
2025-11-04,0.0,0.89,0.206,0.0
2025-11-05,0.0,1.06,0.185,0.0
2025-11-06,0.0,0.41,0.203,0.0
2025-11-07,0.00278846706802095,0.45,0.19,0.0
2025-11-08,0.013506886234022093,0.21,0.177,0.03
2025-11-09,0.0,0.2,0.18,0.0
2025-11-10,2.4166951786447406,0.44,0.185,2.34
2025-11-11,0.07382150198073589,0.21,0.254,0.01
2025-11-12,0.0,0.49,0.2,0.0
2025-11-13,0.30629032640072307,0.16,0.199,1.14
2025-11-14,0.5072652949152947,0.2,0.197,0.89
2025-11-15,0.047403940156356156,0.28,0.204,0.28
2025-11-16,5.240805745559649,0.1,0.35,4.51
2025-11-17,1.7601458980559523,0.17,0.288,1.74
2025-11-18,1.848453955348364,0.23,0.24,0.52
2025-11-19,8.995275428698456,0.14,0.575,6.38
2025-11-20,9.544673520338277,0.01,1.44,9.52
2025-11-21,0.1651050105159712,0.21573217468805703,0.676,0.37
2025-11-22,0.007435912181389201,0.21042134581105165,0.405,0.0
2025-11-23,4.542162183974657,0.20475623885918004,0.501,3.58
2025-11-24,19.679570051545788,0.1927776292335116,1.56,15.32
2025-11-25,1.4237879567186078,0.0,2.06,1.93
2025-11-26,0.07660996904875685,0.24,0.683,0.02
2025-11-27,1.1153967874796724,0.23,0.574,0.86
2025-11-28,1.2154310552282932,0.03,0.518,0.36
2025-11-29,2.8957069007374314,0.17,0.517,2.13
2025-11-30,0.0,0.15819585561497326,0.627,0.0
2025-12-01,0.03655568265307619,0.14466644385026736,0.419,0.18
2025-12-02,0.0,0.14111363636363636,0.387,0.03
2025-12-03,0.0,0.13995855614973263,0.346,0.0
2025-12-04,0.8729473481784732,0.13727139037433156,0.354,0.38
2025-12-05,1.0753392454938944,0.1358409090909091,0.349,1.66
2025-12-06,7.447760185582489,0.1395340909090909,0.844,9.02
2025-12-07,4.672695627657095,0.13294318181818185,0.922,3.9
2025-12-08,7.7011282285013225,0.12675,1.14,8.68
2025-12-09,0.07382150198073589,0.12120454545454545,1.58,0.08
2025-12-10,0.0,0.1230957792207792,0.724,0.0
2025-12-11,0.0,0.11769805194805195,0.558,0.0
2025-12-12,0.09476430039614718,0.11445941558441558,0.503,0.07
2025-12-13,0.07382150198073589,0.11184577922077922,0.436,0.12
2025-12-14,0.006506423158715551,0.11115259740259739,0.422,0.0
2025-12-15,0.0,0.11137987012987013,0.416,0.0
2025-12-16,0.6029801518059058,0.11089285714285714,0.384,0.82
2025-12-17,0.0,0.10996753246753245,0.365,0.0
2025-12-18,1.0949138501904516,0.11172889610389608,0.341,1.17
2025-12-19,5.665066131162488,0.11602033995416348,0.779,5.04
2025-12-20,2.2144462309852084,0.11807916348357525,0.492,2.4
2025-12-21,0.11316565170183304,0.11141520244461421,0.598,0.31
2025-12-22,0.0,0.11516520244461419,0.472,0.0
2025-12-23,0.0,0.11717389228418638,0.421,0.0
2025-12-24,0.0,0.37,0.375,0.0
2025-12-25,0.0,0.67,0.343,0.0
2025-12-26,0.0,0.06,0.336,0.0
2025-12-27,0.0,0.47,0.307,0.0
2025-12-28,0.0,0.42,0.323,0.0
2025-12-29,0.19779978742246365,0.26,0.342,0.01
2025-12-30,0.07753945807143049,0.18,0.316,0.0
2025-12-31,0.27129786675270307,0.31,0.326,0.3
